country,country_code,year,GDP_value,HDI_value,tot_pop
Afghanistan,AFG,2002,4128820723,0.384,22600774
Afghanistan,AFG,2004,5285465686,0.409,24726689
Afghanistan,AFG,2006,7057598407,0.429,26433058
Afghanistan,AFG,2008,10190529882,0.447,27722281
Afghanistan,AFG,2010,15936800636,0.472,29185511
Afghanistan,AFG,2012,20536542737,0.489,31161378
Afghanistan,AFG,2014,20050189882,0.5,33370804
Afghanistan,AFG,2016,19469022208,0.502,35383028
Albania,ALB,1992,709452584,0.615,3247039
Albania,ALB,1994,1985673798,0.624,3207536
Albania,ALB,1996,3314898292,0.646,3168033
Albania,ALB,1998,2707123772,0.655,3128530
Albania,ALB,2000,3632043908,0.671,3089027
Albania,ALB,2002,4435078648,0.684,3051010
Albania,ALB,2004,7314865176,0.696,3026939
Albania,ALB,2006,8992642349,0.713,2992547
Albania,ALB,2008,12881352688,0.728,2947314
Albania,ALB,2010,11926953259,0.745,2913021
Albania,ALB,2012,12319784787,0.775,2900401
Albania,ALB,2014,13228244357,0.787,2889104
Albania,ALB,2016,11863865978,0.788,2876101
Algeria,DZA,1992,48003298223,0.582,27028330
Algeria,DZA,1994,42542571306,0.59,28213777
Algeria,DZA,1996,46941496780,0.602,29266415
Algeria,DZA,1998,48187747529,0.621,30192750
Algeria,DZA,2000,54790245601,0.637,31042238
Algeria,DZA,2002,56760288974,0.657,31855110
Algeria,DZA,2004,85324998814,0.677,32692153
Algeria,DZA,2006,1.17E+11,0.69,33641007
Algeria,DZA,2008,1.71E+11,0.702,34730604
Algeria,DZA,2010,1.61E+11,0.721,35977451
Algeria,DZA,2012,2.09E+11,0.728,37383899
Algeria,DZA,2014,2.14E+11,0.736,38923688
Algeria,DZA,2016,1.59E+11,0.743,40551398
Andorra,AND,1992,1210013652,0.839,58882
Andorra,AND,1994,1017549124,0.839,62676
Andorra,AND,1996,1223945357,0.839,64363
Andorra,AND,1998,1211932398,0.839,64140
Andorra,AND,2000,1434429703,0.813,65390
Andorra,AND,2002,1733116883,0.82,70048
Andorra,AND,2004,2935659300,0.833,76250
Andorra,AND,2006,3543256806,0.837,80995
Andorra,AND,2008,4007353157,0.84,83860
Andorra,AND,2010,3355695364,0.837,84454
Andorra,AND,2012,3164615187,0.858,82427
Andorra,AND,2014,3350736367,0.863,79213
Andorra,AND,2016,2858517699,0.866,77295
Angola,AGO,1992,5684291719,0.489,12657361
Angola,AGO,1994,4059352153,0.489,13503753
Angola,AGO,1996,7526446606,0.489,14400722
Angola,AGO,1998,6445041825,0.489,15359600
Angola,AGO,2000,9129594819,0.4,16395477
Angola,AGO,2002,12497346670,0.426,17519418
Angola,AGO,2004,19640848729,0.446,18758138
Angola,AGO,2006,41789478661,0.473,20149905
Angola,AGO,2008,84178032716,0.501,21695636
Angola,AGO,2010,82470913121,0.517,23356247
Angola,AGO,2012,1.15E+11,0.544,25107925
Angola,AGO,2014,1.27E+11,0.565,26941773
Angola,AGO,2016,95335111741,0.578,28842482
Antigua and Barbuda,ATG,1992,499281148,0.765,64459
Antigua and Barbuda,ATG,1994,589429593,0.764,67201
Antigua and Barbuda,ATG,1996,633730630,0.764,70176
Antigua and Barbuda,ATG,1998,727860593,0.764,73219
Antigua and Barbuda,ATG,2000,830158769,0.764,76007
Antigua and Barbuda,ATG,2002,814615324,0.764,78298
Antigua and Barbuda,ATG,2004,919577143,0.764,80347
Antigua and Barbuda,ATG,2006,1157005441,0.771,82715
Antigua and Barbuda,ATG,2008,1368431037,0.774,85394
Antigua and Barbuda,ATG,2010,1152469074,0.763,88030
Antigua and Barbuda,ATG,2012,1211411704,0.759,90407
Antigua and Barbuda,ATG,2014,1280133333,0.76,92562
Antigua and Barbuda,ATG,2016,1460144704,0.765,94520
Argentina,ARG,1992,2.29E+11,0.73,33529320
Argentina,ARG,1994,2.57E+11,0.739,34402669
Argentina,ARG,1996,2.72E+11,0.748,35246376
Argentina,ARG,1998,2.99E+11,0.763,36063451
Argentina,ARG,2000,2.84E+11,0.781,36870796
Argentina,ARG,2002,97724004252,0.781,37681743
Argentina,ARG,2004,1.65E+11,0.787,38491970
Argentina,ARG,2006,2.33E+11,0.812,39289876
Argentina,ARG,2008,3.62E+11,0.821,40080159
Argentina,ARG,2010,4.24E+11,0.829,40788453
Argentina,ARG,2012,5.46E+11,0.834,41733271
Argentina,ARG,2014,5.26E+11,0.836,42669500
Argentina,ARG,2016,5.45E+11,0.839,43590368
Armenia,ARM,1992,1272577456,0.618,3442820
Armenia,ARM,1994,1315158670,0.621,3283664
Armenia,ARM,1996,1596968913,0.634,3168213
Armenia,ARM,1998,1893726437,0.657,3108691
Armenia,ARM,2000,1911563665,0.669,3069597
Armenia,ARM,2002,2376335048,0.682,3033976
Armenia,ARM,2004,3576615240,0.7,3000715
Armenia,ARM,2006,6384451606,0.726,2958301
Armenia,ARM,2008,11662040714,0.745,2907615
Armenia,ARM,2010,9260284938,0.747,2877314
Armenia,ARM,2012,10619320049,0.756,2884239
Armenia,ARM,2014,11609512940,0.764,2912403
Armenia,ARM,2016,10572298342,0.766,2936147
Australia,AUS,1992,3.26E+11,0.873,17495000
Australia,AUS,1994,3.23E+11,0.879,17855000
Australia,AUS,1996,4.02E+11,0.89,18311000
Australia,AUS,1998,4E+11,0.896,18711000
Australia,AUS,2000,4.15E+11,0.903,19153000
Australia,AUS,2002,3.95E+11,0.907,19651400
Australia,AUS,2004,6.13E+11,0.911,20127400
Australia,AUS,2006,7.48E+11,0.909,20697900
Australia,AUS,2008,1.06E+12,0.926,21249200
Australia,AUS,2010,1.14E+12,0.93,22031750
Australia,AUS,2012,1.54E+12,0.937,22733465
Australia,AUS,2014,1.46E+12,0.933,23475686
Australia,AUS,2016,1.2E+12,0.939,24190907
Austria,AUT,1992,1.95E+11,0.813,7840709
Austria,AUT,1994,2.04E+11,0.821,7936118
Austria,AUT,1996,2.37E+11,0.829,7959017
Austria,AUT,1998,2.18E+11,0.837,7976789
Austria,AUT,2000,1.97E+11,0.847,8011566
Austria,AUT,2002,2.13E+11,0.847,8081957
Austria,AUT,2004,3.01E+11,0.858,8171966
Austria,AUT,2006,3.36E+11,0.87,8268641
Austria,AUT,2008,4.3E+11,0.893,8321496
Austria,AUT,2010,3.92E+11,0.904,8363404
Austria,AUT,2012,4.09E+11,0.908,8429991
Austria,AUT,2014,4.42E+11,0.913,8546356
Austria,AUT,2016,3.91E+11,0.917,8736668
Azerbaijan,AZE,1992,4991350458,0.685,7382050
Azerbaijan,AZE,1994,3313739674,0.685,7596550
Azerbaijan,AZE,1996,3176749593,0.605,7763000
Azerbaijan,AZE,1998,4446396218,0.619,7913000
Azerbaijan,AZE,2000,5272617196,0.635,8048600
Azerbaijan,AZE,2002,6235795104,0.651,8171950
Azerbaijan,AZE,2004,8680472169,0.667,8306500
Azerbaijan,AZE,2006,20983019924,0.701,8484550
Azerbaijan,AZE,2008,48852482960,0.716,8763400
Azerbaijan,AZE,2010,52902703376,0.726,9054332
Azerbaijan,AZE,2012,69684317719,0.73,9295784
Azerbaijan,AZE,2014,75244166773,0.74,9535079
Azerbaijan,AZE,2016,37847715736,0.751,9757812
Bahamas,BHS,1992,3109000000,0.803,266028
Bahamas,BHS,1994,3259000000,0.803,275849
Bahamas,BHS,1996,3609000000,0.803,283980
Bahamas,BHS,1998,5353524000,0.803,290600
Bahamas,BHS,2000,6327552000,0.797,298045
Bahamas,BHS,2002,6957996000,0.8,307657
Bahamas,BHS,2004,7094413000,0.8,318893
Bahamas,BHS,2006,7965588000,0.804,331032
Bahamas,BHS,2008,8247000000,0.804,343680
Bahamas,BHS,2010,7910000000,0.805,354936
Bahamas,BHS,2012,10720500000,0.807,363581
Bahamas,BHS,2014,10843800000,0.805,370625
Bahamas,BHS,2016,11261800000,0.81,377923
Bahrain,BHR,1992,4751063830,0.76,523082
Bahrain,BHR,1994,5567553457,0.772,549590
Bahrain,BHR,1996,6101861436,0.782,578661
Bahrain,BHR,1998,6183776596,0.787,613697
Bahrain,BHR,2000,9062906915,0.795,664610
Bahrain,BHR,2002,9632155053,0.795,735140
Bahrain,BHR,2004,13150166755,0.796,829846
Bahrain,BHR,2006,18505053191,0.797,958423
Bahrain,BHR,2008,25710877660,0.8,1114645
Bahrain,BHR,2010,25713271277,0.8,1240864
Bahrain,BHR,2012,30749308511,0.808,1299942
Bahrain,BHR,2014,33387712766,0.82,1336073
Bahrain,BHR,2016,32179069149,0.853,1425793
Bangladesh,BGD,1992,31708873955,0.41,107983708
Bangladesh,BGD,1994,33768662171,0.426,112737684
Bangladesh,BGD,1996,46438482370,0.443,117649927
Bangladesh,BGD,1998,49984559471,0.461,122682818
Bangladesh,BGD,2000,53369787319,0.478,127657862
Bangladesh,BGD,2002,54724081491,0.492,132478077
Bangladesh,BGD,2004,65108544250,0.506,136986429
Bangladesh,BGD,2006,71819083684,0.521,140921154
Bangladesh,BGD,2008,91631278239,0.531,144304164
Bangladesh,BGD,2010,1.15E+11,0.557,147575433
Bangladesh,BGD,2012,1.33E+11,0.575,151005733
Bangladesh,BGD,2014,1.73E+11,0.579,154517385
Bangladesh,BGD,2016,2.21E+11,0.606,157977151
Barbados,BRB,1992,1950900000,0.733,262890
Barbados,BRB,1994,2151295182,0.742,264893
Barbados,BRB,1996,2411872918,0.751,267047
Barbados,BRB,1998,2874459305,0.753,269334
Barbados,BRB,2000,3121500000,0.771,271511
Barbados,BRB,2002,3169600000,0.774,273423
Barbados,BRB,2004,3514350000,0.782,275283
Barbados,BRB,2006,4246600000,0.791,277475
Barbados,BRB,2008,4607300000,0.8,279946
Barbados,BRB,2010,4461650000,0.797,282131
Barbados,BRB,2012,4656350000,0.808,283698
Barbados,BRB,2014,4608350000,0.808,284825
Barbados,BRB,2016,4529050000,0.811,285798
Belarus,BLR,1992,17120370370,0.741,10216470
Belarus,BLR,1994,14932192011,0.74,10226955
Belarus,BLR,1996,14756861538,0.664,10159569
Belarus,BLR,1998,15222014828,0.674,10071963
Belarus,BLR,2000,12736856828,0.686,9979610
Belarus,BLR,2002,14594925393,0.699,9865548
Belarus,BLR,2004,23141587718,0.717,9730146
Belarus,BLR,2006,36961821894,0.744,9604924
Belarus,BLR,2008,60763483146,0.777,9527985
Belarus,BLR,2010,57222490769,0.795,9483836
Belarus,BLR,2012,65685102555,0.806,9446836
Belarus,BLR,2014,78813839984,0.814,9448515
Belarus,BLR,2016,47407217531,0.815,9469379
Belgium,BEL,1992,2.36E+11,0.832,10045158
Belgium,BEL,1994,2.46E+11,0.852,10115603
Belgium,BEL,1996,2.81E+11,0.864,10156637
Belgium,BEL,1998,2.61E+11,0.873,10203008
Belgium,BEL,2000,2.38E+11,0.88,10251250
Belgium,BEL,2002,2.59E+11,0.886,10332785
Belgium,BEL,2004,3.71E+11,0.893,10421137
Belgium,BEL,2006,4.1E+11,0.904,10547958
Belgium,BEL,2008,5.19E+11,0.906,10709973
Belgium,BEL,2010,4.84E+11,0.91,10895586
Belgium,BEL,2012,4.98E+11,0.913,11106932
Belgium,BEL,2014,5.31E+11,0.918,11209057
Belgium,BEL,2016,4.68E+11,0.924,11331422
Belize,BLZ,1992,518239100,0.621,194324
Belize,BLZ,1994,580863700,0.623,201679
Belize,BLZ,1996,641383800,0.624,213660
Belize,BLZ,1998,688992450,0.628,230248
Belize,BLZ,2000,832072450,0.64,247310
Belize,BLZ,2002,932551850,0.651,262387
Belize,BLZ,2004,1057845500,0.665,276516
Belize,BLZ,2006,1217467600,0.672,291338
Belize,BLZ,2008,1368625150,0.679,306822
Belize,BLZ,2010,1397113450,0.695,322465
Belize,BLZ,2012,1573618750,0.701,338001
Belize,BLZ,2014,1706497950,0.705,353366
Belize,BLZ,2016,1741100000,0.717,368399
Benin,BEN,1992,1695315306,0.375,5331805
Benin,BEN,1994,1598075932,0.386,5714215
Benin,BEN,1996,2361116588,0.394,6094272
Benin,BEN,1998,2455092582,0.403,6470275
Benin,BEN,2000,2569186643,0.416,6865946
Benin,BEN,2002,3054571082,0.438,7295400
Benin,BEN,2004,4521424807,0.453,7750003
Benin,BEN,2006,5142380779,0.467,8216893
Benin,BEN,2008,7132787397,0.482,8696915
Benin,BEN,2010,6970240895,0.494,9199254
Benin,BEN,2012,8152554487,0.51,9729254
Benin,BEN,2014,9707432016,0.527,10286839
Benin,BEN,2016,8583031398,0.533,10872072
Bhutan,BTN,1992,250794360,0.579,534525
Bhutan,BTN,1994,270801565,0.579,531905
Bhutan,BTN,1996,316420861,0.579,541471
Bhutan,BTN,1998,376955087,0.579,564378
Bhutan,BTN,2000,439158233,0.579,591014
Bhutan,BTN,2002,537050134,0.579,616025
Bhutan,BTN,2004,702682019,0.579,638809
Bhutan,BTN,2006,897731525,0.526,657404
Bhutan,BTN,2008,1258332337,0.551,671611
Bhutan,BTN,2010,1585472534,0.574,685502
Bhutan,BTN,2012,1823692110,0.597,701582
Bhutan,BTN,2014,1944782821,0.618,719053
Bhutan,BTN,2016,2212638830,0.637,736706
Bolivia,BOL,1992,5643893347,0.566,7160917
Bolivia,BOL,1994,5981244887,0.581,7466792
Bolivia,BOL,1996,7396966657,0.595,7779268
Bolivia,BOL,1998,8497545598,0.61,8096761
Bolivia,BOL,2000,8397912509,0.627,8418270
Bolivia,BOL,2002,7905485216,0.637,8742822
Bolivia,BOL,2004,8773451739,0.641,9069044
Bolivia,BOL,2006,11451869165,0.649,9395449
Bolivia,BOL,2008,16674324634,0.658,9721457
Bolivia,BOL,2010,19649631308,0.667,10048597
Bolivia,BOL,2012,27084497540,0.675,10377677
Bolivia,BOL,2014,32996187988,0.69,10706517
Bolivia,BOL,2016,33806395514,0.702,11031822
Bosnia and Herzegovina,BIH,1994,1255802469,0.722,3936527
Bosnia and Herzegovina,BIH,1996,2786045322,0.722,3764419
Bosnia and Herzegovina,BIH,1998,4116699437,0.722,3734338
Bosnia and Herzegovina,BIH,2000,5505984456,0.679,3751176
Bosnia and Herzegovina,BIH,2002,6651226179,0.689,3759389
Bosnia and Herzegovina,BIH,2004,10022840635,0.701,3764194
Bosnia and Herzegovina,BIH,2006,12866524918,0.712,3765422
Bosnia and Herzegovina,BIH,2008,19112739664,0.726,3754261
Bosnia and Herzegovina,BIH,2010,17176781337,0.721,3705478
Bosnia and Herzegovina,BIH,2012,17226849297,0.748,3604972
Bosnia and Herzegovina,BIH,2014,18558343508,0.758,3482106
Bosnia and Herzegovina,BIH,2016,16910277134,0.772,3386263
Botswana,BWA,1992,4146513722,0.577,1363541
Botswana,BWA,1994,4259330999,0.57,1434061
Botswana,BWA,1996,4847752843,0.575,1504724
Botswana,BWA,1998,4790458837,0.58,1575827
Botswana,BWA,2000,5788329609,0.581,1643333
Botswana,BWA,2002,5438857107,0.579,1704637
Botswana,BWA,2004,8957467707,0.592,1765533
Botswana,BWA,2006,10126940513,0.615,1835911
Botswana,BWA,2008,10945070442,0.641,1915636
Botswana,BWA,2010,12786654366,0.663,1987106
Botswana,BWA,2012,14686278707,0.689,2039551
Botswana,BWA,2014,16259445053,0.711,2088619
Botswana,BWA,2016,15581137274,0.72,2159925
Brazil,BRA,1992,4.01E+11,0.627,154259382
Brazil,BRA,1994,5.58E+11,0.642,159432717
Brazil,BRA,1996,8.5E+11,0.658,164614682
Brazil,BRA,1998,8.64E+11,0.67,169785253
Brazil,BRA,2000,6.55E+11,0.685,174790339
Brazil,BRA,2002,5.08E+11,0.699,179537523
Brazil,BRA,2004,6.69E+11,0.698,184006479
Brazil,BRA,2006,1.11E+12,0.702,188167353
Brazil,BRA,2008,1.7E+12,0.717,192030362
Brazil,BRA,2010,2.21E+12,0.727,195713637
Brazil,BRA,2012,2.47E+12,0.735,199287292
Brazil,BRA,2014,2.46E+12,0.756,202763744
Brazil,BRA,2016,1.8E+12,0.758,206163056
Brunei ,BRN,1992,4183548189,0.777,273888
Brunei ,BRN,1994,4087337960,0.786,289452
Brunei ,BRN,1996,5115602837,0.793,304620
Brunei ,BRN,1998,4051147228,0.794,319135
Brunei ,BRN,2000,6001153306,0.802,333166
Brunei ,BRN,2002,5843329108,0.807,346777
Brunei ,BRN,2004,7872333215,0.818,359434
Brunei ,BRN,2006,11470703002,0.825,370262
Brunei ,BRN,2008,14393099069,0.825,379418
Brunei ,BRN,2010,13707370737,0.827,388634
Brunei ,BRN,2012,19048495519,0.839,398997
Brunei ,BRN,2014,17098342541,0.838,409778
Brunei ,BRN,2016,11400653732,0.839,419791
Bulgaria,BGR,1992,10350515464,0.705,8540164
Bulgaria,BGR,1994,9697416974,0.705,8443591
Bulgaria,BGR,1996,10109404160,0.718,8362826
Bulgaria,BGR,1998,14630974778,0.718,8256786
Bulgaria,BGR,2000,13148099185,0.72,8170172
Bulgaria,BGR,2002,16360346654,0.736,7837161
Bulgaria,BGR,2004,26094622564,0.752,7716860
Bulgaria,BGR,2006,34304448150,0.765,7601022
Bulgaria,BGR,2008,54409138498,0.78,7492561
Bulgaria,BGR,2010,50610031136,0.788,7395599
Bulgaria,BGR,2012,53903028252,0.795,7305888
Bulgaria,BGR,2014,56732006512,0.806,7223938
Bulgaria,BGR,2016,53237882473,0.811,7127822
Burkina Faso,BFA,1992,2240264712,0.361,9297110
Burkina Faso,BFA,1994,1895290965,0.361,9816584
Burkina Faso,BFA,1996,2586550747,0.361,10372734
Burkina Faso,BFA,1998,2804902724,0.361,10968722
Burkina Faso,BFA,2000,2628920056,0.293,11607951
Burkina Faso,BFA,2002,3205592290,0.303,12293097
Burkina Faso,BFA,2004,4838551100,0.32,13030576
Burkina Faso,BFA,2006,5844669846,0.341,13829173
Burkina Faso,BFA,2008,8369637065,0.364,14689725
Burkina Faso,BFA,2010,8979966766,0.384,15605211
Burkina Faso,BFA,2012,11166063467,0.403,16571252
Burkina Faso,BFA,2014,12377391463,0.413,17586029
Burkina Faso,BFA,2016,11693235542,0.428,18646350
Burundi,BDI,1992,1083037671,0.299,5685569
Burundi,BDI,1994,925030590,0.296,5898964
Burundi,BDI,1996,869033856,0.289,6060110
Burundi,BDI,1998,893770806,0.294,6185564
Burundi,BDI,2000,870486066,0.3,6378871
Burundi,BDI,2002,825394490,0.311,6704118
Burundi,BDI,2004,915257323,0.33,7131688
Burundi,BDI,2006,1273180597,0.359,7607850
Burundi,BDI,2008,1611634332,0.384,8126104
Burundi,BDI,2010,2026864469,0.411,8675606
Burundi,BDI,2012,2472384907,0.426,9245992
Burundi,BDI,2014,3093647227,0.438,9844301
Burundi,BDI,2016,3007029030,0.438,10488002
Cameroon,CMR,1992,11396310990,0.441,12499499
Cameroon,CMR,1994,10600157684,0.433,13230978
Cameroon,CMR,1996,10513387442,0.431,13970812
Cameroon,CMR,1998,10612847429,0.434,14723772
Cameroon,CMR,2000,10083937740,0.44,15513944
Cameroon,CMR,2002,11579343088,0.458,16357605
Cameroon,CMR,2004,17430933517,0.469,17259322
Cameroon,CMR,2006,19356046328,0.471,18223677
Cameroon,CMR,2008,26409781215,0.49,19252674
Cameroon,CMR,2010,26143818510,0.505,20341236
Cameroon,CMR,2012,29104437355,0.525,21485267
Cameroon,CMR,2014,34942948737,0.54,22681853
Cameroon,CMR,2016,32217497470,0.553,23926549
Canada,CAN,1992,5.92E+11,0.857,28371264
Canada,CAN,1994,5.78E+11,0.859,29000663
Canada,CAN,1996,6.29E+11,0.864,29610218
Canada,CAN,1998,6.32E+11,0.861,30155173
Canada,CAN,2000,7.42E+11,0.867,30685730
Canada,CAN,2002,7.58E+11,0.877,31360079
Canada,CAN,2004,1.02E+12,0.888,31940655
Canada,CAN,2006,1.32E+12,0.898,32571174
Canada,CAN,2008,1.55E+12,0.898,33247118
Canada,CAN,2010,1.61E+12,0.901,34004889
Canada,CAN,2012,1.82E+12,0.906,34714222
Canada,CAN,2014,1.79E+12,0.918,35437435
Canada,CAN,2016,1.53E+12,0.923,36109487
Cape Verde,CPV,1992,357160985,0.618,355763
Cape Verde,CPV,1994,406580652,0.618,376409
Cape Verde,CPV,1996,501979069,0.618,395533
Cape Verde,CPV,1998,521910561,0.618,412513
Cape Verde,CPV,2000,539227278,0.569,428178
Cape Verde,CPV,2002,620974660,0.583,442955
Cape Verde,CPV,2004,924318491,0.59,456619
Cape Verde,CPV,2006,1107891063,0.611,469171
Cape Verde,CPV,2008,1789333749,0.625,480846
Cape Verde,CPV,2010,1664310770,0.632,492644
Cape Verde,CPV,2012,1751888562,0.644,505241
Cape Verde,CPV,2014,1858121723,0.654,518276
Cape Verde,CPV,2016,1617467436,0.657,531140
Chile,CHL,1992,45964327559,0.722,13719818
Chile,CHL,1994,57008425296,0.72,14166346
Chile,CHL,1996,78039572222,0.735,14587367
Chile,CHL,1998,81577430181,0.743,14977736
Chile,CHL,2000,77860932152,0.756,15342350
Chile,CHL,2002,69736811435,0.769,15684413
Chile,CHL,2004,99210392858,0.785,16014972
Chile,CHL,2006,1.55E+11,0.791,16354507
Chile,CHL,2008,1.8E+11,0.814,16708255
Chile,CHL,2010,2.19E+11,0.803,17062531
Chile,CHL,2012,2.67E+11,0.821,17400359
Chile,CHL,2014,2.61E+11,0.837,17758969
Chile,CHL,2016,2.47E+11,0.845,18209072
China,CHN,1992,4.27E+11,0.517,1164970000
China,CHN,1994,5.64E+11,0.534,1191835000
China,CHN,1996,8.64E+11,0.554,1217550000
China,CHN,1998,1.03E+12,0.571,1241935000
China,CHN,2000,1.21E+12,0.588,1262645000
China,CHN,2002,1.47E+12,0.606,1280400000
China,CHN,2004,1.96E+12,0.628,1296075000
China,CHN,2006,2.75E+12,0.653,1311020000
China,CHN,2008,4.6E+12,0.678,1324655000
China,CHN,2010,6.1E+12,0.699,1337705000
China,CHN,2012,8.56E+12,0.716,1354190000
China,CHN,2014,1.05E+13,0.731,1371860000
China,CHN,2016,1.12E+13,0.746,1387790000
Colombia,COL,1992,49279585355,0.617,34422568
Colombia,COL,1994,81703500846,0.631,35758978
Colombia,COL,1996,97160109278,0.647,37076387
Colombia,COL,1998,98443739941,0.662,38364307
Colombia,COL,2000,99886577331,0.666,39629965
Colombia,COL,2002,97933391976,0.671,40875363
Colombia,COL,2004,1.17E+11,0.684,42075953
Colombia,COL,2006,1.63E+11,0.698,43200901
Colombia,COL,2008,2.44E+11,0.718,44254972
Colombia,COL,2010,2.87E+11,0.729,45222699
Colombia,COL,2012,3.7E+11,0.739,46075721
Colombia,COL,2014,3.78E+11,0.753,46967706
Colombia,COL,2016,2.82E+11,0.76,48175048
Comoros,COM,1992,266191040,0.509,436454
Comoros,COM,1994,185761823,0.508,462280
Comoros,COM,1996,230495751,0.508,488625
Comoros,COM,1998,215394066,0.508,515382
Comoros,COM,2000,203846428,0.465,542358
Comoros,COM,2002,246737680,0.475,569480
Comoros,COM,2004,368143119,0.483,597230
Comoros,COM,2006,406111874,0.495,626427
Comoros,COM,2008,523134897,0.508,657227
Comoros,COM,2010,530493353,0.521,689696
Comoros,COM,2012,570865941,0.538,723865
Comoros,COM,2014,647720707,0.543,759390
Comoros,COM,2016,616654490,0.547,795597
Congo (Brazzaville),COG,1992,2933222706,0.471,2489945
Congo (Brazzaville),COG,1994,1769365439,0.489,2632345
Congo (Brazzaville),COG,1996,2540697538,0.47,2785815
Congo (Brazzaville),COG,1998,1949481381,0.48,2951651
Congo (Brazzaville),COG,2000,3219910666,0.461,3127420
Congo (Brazzaville),COG,2002,3019993739,0.471,3310376
Congo (Brazzaville),COG,2004,4648628921,0.473,3510468
Congo (Brazzaville),COG,2006,7731261311,0.47,3745143
Congo (Brazzaville),COG,2008,11859013281,0.501,4011487
Congo (Brazzaville),COG,2010,12007880439,0.52,4273738
Congo (Brazzaville),COG,2012,13677930124,0.535,4510197
Congo (Brazzaville),COG,2014,14177437982,0.56,4736965
Congo (Brazzaville),COG,2016,7833508879,0.578,4980996
Congo (Kinshasa),COD,1992,8206227134,0.361,37333917
Congo (Kinshasa),COD,1994,5820383306,0.349,40252973
Congo (Kinshasa),COD,1996,5771454940,0.351,42757239
Congo (Kinshasa),COD,1998,6215591270,0.349,44849968
Congo (Kinshasa),COD,2000,19088046306,0.349,47105830
Congo (Kinshasa),COD,2002,8728038525,0.358,49871670
Congo (Kinshasa),COD,2004,10297483481,0.374,53068869
Congo (Kinshasa),COD,2006,14296507096,0.389,56578046
Congo (Kinshasa),COD,2008,19206060270,0.412,60411195
Congo (Kinshasa),COD,2010,20523285374,0.419,64563853
Congo (Kinshasa),COD,2012,27463220380,0.438,69020749
Congo (Kinshasa),COD,2014,34028119333,0.448,73767445
Congo (Kinshasa),COD,2016,31930856402,0.464,78789130
Costa Rica,CRI,1992,8528593084,0.68,3286525
Costa Rica,CRI,1994,10432619390,0.692,3458829
Costa Rica,CRI,1996,11618286553,0.701,3632361
Costa Rica,CRI,1998,13617405420,0.713,3803893
Costa Rica,CRI,2000,14949514585,0.721,3962369
Costa Rica,CRI,2002,16504795453,0.728,4100922
Costa Rica,CRI,2004,18529767934,0.735,4225156
Costa Rica,CRI,2006,22600431878,0.745,4345421
Costa Rica,CRI,2008,30612932803,0.761,4463123
Costa Rica,CRI,2010,37268635287,0.765,4577371
Costa Rica,CRI,2012,46473128286,0.783,4688003
Costa Rica,CRI,2014,50656002896,0.796,4795390
Costa Rica,CRI,2016,57435507212,0.801,4899336
Cote d'Ivoire,CIV,1992,11152971316,0.405,12812428
Cote d'Ivoire,CIV,1994,8313557450,0.407,13735438
Cote d'Ivoire,CIV,1996,12139234939,0.412,14665125
Cote d'Ivoire,CIV,1998,12612033729,0.414,15589407
Cote d'Ivoire,CIV,2000,10717022463,0.421,16454660
Cote d'Ivoire,CIV,2002,12346919216,0.426,17231539
Cote d'Ivoire,CIV,2004,16554441847,0.433,17970493
Cote d'Ivoire,CIV,2006,17800887796,0.443,18754914
Cote d'Ivoire,CIV,2008,24224903100,0.455,19605568
Cote d'Ivoire,CIV,2010,24884505035,0.468,20532944
Cote d'Ivoire,CIV,2012,27040562587,0.482,21547188
Cote d'Ivoire,CIV,2014,35372603446,0.492,22647672
Cote d'Ivoire,CIV,2016,36372613023,0.513,23822726
country name,country code,year,GDP_value,HDI _value,tot_pop
Croatia,HRV,1996,23678012697,0.715,4557097
Croatia,HRV,1998,25432144406,0.738,4532135
Croatia,HRV,2000,21774273832,0.757,4468302
Croatia,HRV,2002,26878499206,0.774,4302174
Croatia,HRV,2004,41574530816,0.786,4304600
Croatia,HRV,2006,50453577898,0.798,4311159
Croatia,HRV,2008,70481451814,0.813,4309705
Croatia,HRV,2010,59665427465,0.815,4295427
Croatia,HRV,2012,56485301967,0.825,4267558
Croatia,HRV,2014,57080369368,0.835,4238389
Croatia,HRV,2016,50714957391,0.841,4174349
Cuba,CUB,1992,22085858243,0.667,10736386
Cuba,CUB,1994,28448326757,0.656,10838461
Cuba,CUB,1996,25017300000,0.669,10939285
Cuba,CUB,1998,25736331247,0.677,11038706
Cuba,CUB,2000,30565400000,0.691,11126423
Cuba,CUB,2002,33590500000,0.698,11199664
Cuba,CUB,2004,38203000000,0.722,11250369
Cuba,CUB,2006,52742800000,0.756,11261241
Cuba,CUB,2008,60806300000,0.783,11236975
Cuba,CUB,2010,64328000000,0.781,11225833
Cuba,CUB,2012,73141000000,0.769,11257112
Cuba,CUB,2014,80656100000,0.767,11306909
Cyprus,CYP,1992,6912150456,0.773,800610
Cyprus,CYP,1994,7425703929,0.784,837104
Cyprus,CYP,1996,9899623588,0.791,873426
Cyprus,CYP,1998,10353506787,0.803,908710
Cyprus,CYP,2000,10183317625,0.804,943288
Cyprus,CYP,2002,11618269231,0.819,976968
Cyprus,CYP,2004,17422375000,0.831,1010410
Cyprus,CYP,2006,20403713461,0.842,1045508
Cyprus,CYP,2008,27839460964,0.858,1081568
Cyprus,CYP,2010,25562251656,0.856,1112617
Cyprus,CYP,2012,25041372222,0.859,1135046
Cyprus,CYP,2014,23359294149,0.862,1152297
Cyprus,CYP,2016,20047013274,0.873,1170189
Czech Republic,CZE,1992,34590052812,0.736,10319123
Czech Republic,CZE,1994,47554674591,0.752,10333587
Czech Republic,CZE,1996,66985765439,0.776,10315241
Czech Republic,CZE,1998,66490372105,0.783,10294373
Czech Republic,CZE,2000,61649492817,0.804,10255063
Czech Republic,CZE,2002,81910771994,0.821,10196916
Czech Republic,CZE,2004,1.19E+11,0.834,10197101
Czech Republic,CZE,2006,1.55E+11,0.852,10238905
Czech Republic,CZE,2008,2.36E+11,0.863,10384603
Czech Republic,CZE,2010,2.07E+11,0.87,10474410
Czech Republic,CZE,2012,2.07E+11,0.874,10510785
Czech Republic,CZE,2014,2.08E+11,0.888,10525347
Czech Republic,CZE,2016,1.95E+11,0.893,10566332
Denmark,DNK,1992,1.53E+11,0.815,5171370
Denmark,DNK,1994,1.56E+11,0.831,5206180
Denmark,DNK,1996,1.88E+11,0.844,5263074
Denmark,DNK,1998,1.77E+11,0.856,5304219
Denmark,DNK,2000,1.64E+11,0.87,5339616
Denmark,DNK,2002,1.79E+11,0.89,5375931
Denmark,DNK,2004,2.51E+11,0.905,5404523
Denmark,DNK,2006,2.83E+11,0.912,5437272
Denmark,DNK,2008,3.53E+11,0.917,5493621
Denmark,DNK,2010,3.22E+11,0.917,5547683
Denmark,DNK,2012,3.27E+11,0.931,5591572
Denmark,DNK,2014,3.53E+11,0.935,5643475
Denmark,DNK,2016,3.07E+11,0.935,5728010
Djibouti,DJI,1992,478058305,0.411,615050
Djibouti,DJI,1994,491689221,0.41,622364
Djibouti,DJI,1996,494004648,0.349,643649
Djibouti,DJI,1998,514267869,0.355,680465
Djibouti,DJI,2000,551230862,0.36,717577
Djibouti,DJI,2002,591122040,0.375,746947
Djibouti,DJI,2004,666072102,0.393,771599
Djibouti,DJI,2006,768873684,0.413,794554
Djibouti,DJI,2008,999105339,0.432,816361
Djibouti,DJI,2010,1128611700,0.454,840194
Djibouti,DJI,2012,1353632942,0.474,868136
Djibouti,DJI,2014,1588000000,0.492,898707
Dominica,DMA,1992,191759259,0.726,70546
Dominica,DMA,1994,215459259,0.726,71044
Dominica,DMA,1996,236444444,0.726,70933
Dominica,DMA,1998,258440741,0.726,70183
Dominica,DMA,2000,335845815,0.703,69650
Dominica,DMA,2002,337695741,0.707,69840
Dominica,DMA,2004,374771482,0.714,70387
Dominica,DMA,2006,390370370,0.721,70718
Dominica,DMA,2008,458190185,0.73,70829
Dominica,DMA,2010,493824407,0.74,70877
Dominica,DMA,2012,485997988,0.739,70954
Dominica,DMA,2014,523666347,0.741,71091
Dominica,DMA,2016,581484032,0.74,71307
Dominican Republic,DOM,1992,11277676880,0.612,7408339
Dominican Republic,DOM,1994,14511134921,0.624,7683707
Dominican Republic,DOM,1996,18131813001,0.636,7952766
Dominican Republic,DOM,1998,21171523985,0.648,8214427
Dominican Republic,DOM,2000,23996063503,0.659,8471317
Dominican Republic,DOM,2002,26571620979,0.668,8724974
Dominican Republic,DOM,2004,22039232610,0.672,8974444
Dominican Republic,DOM,2006,35952845583,0.688,9218681
Dominican Republic,DOM,2008,48288967303,0.698,9458079
Dominican Republic,DOM,2010,53954579004,0.706,9695117
Dominican Republic,DOM,2012,60613645121,0.714,9930916
Dominican Republic,DOM,2014,65231032303,0.73,10165182
Dominican Republic,DOM,2016,71583553488,0.743,10397738
Ecuador,ECU,1992,18094238119,0.654,10716131
Ecuador,ECU,1994,22708673337,0.663,11207999
Ecuador,ECU,1996,25226393197,0.668,11703169
Ecuador,ECU,1998,27981896948,0.675,12198449
Ecuador,ECU,2000,18327764882,0.675,12681123
Ecuador,ECU,2002,28548945000,0.684,13143465
Ecuador,ECU,2004,36591661000,0.693,13596390
Ecuador,ECU,2006,46802044000,0.701,14059379
Ecuador,ECU,2008,61762635000,0.717,14535740
Ecuador,ECU,2010,69555367000,0.726,15011114
Ecuador,ECU,2012,87924544000,0.751,15474099
Ecuador,ECU,2014,1.02E+11,0.756,15951832
Ecuador,ECU,2016,98613972000,0.758,16491116
Egypt,EGY,1992,41855986519,0.559,58666812
Egypt,EGY,1994,51897983393,0.571,61095804
Egypt,EGY,1996,67629716981,0.585,63601632
Egypt,EGY,1998,84828807556,0.594,66200259
Egypt,EGY,2000,99838543960,0.613,68831561
Egypt,EGY,2002,87850683979,0.622,71485044
Egypt,EGY,2004,78845185293,0.631,74172073
Egypt,EGY,2006,1.07E+11,0.645,76873670
Egypt,EGY,2008,1.63E+11,0.66,79636081
Egypt,EGY,2010,2.19E+11,0.668,82761244
Egypt,EGY,2012,2.79E+11,0.677,86422240
Egypt,EGY,2014,3.06E+11,0.685,90424668
Egypt,EGY,2016,3.33E+11,0.696,94447071
El Salvador,SLV,1992,5954700000,0.552,5416327
El Salvador,SLV,1994,8085600000,0.571,5561916
El Salvador,SLV,1996,10315500000,0.588,5689943
El Salvador,SLV,1998,12008400000,0.606,5797764
El Salvador,SLV,2000,13134100000,0.615,5887930
El Salvador,SLV,2002,14306700000,0.627,5962139
El Salvador,SLV,2004,15798300000,0.639,6023801
El Salvador,SLV,2006,18550700000,0.653,6079395
El Salvador,SLV,2008,21430950000,0.655,6131767
El Salvador,SLV,2010,21418330000,0.668,6183877
El Salvador,SLV,2012,23813600000,0.669,6237922
El Salvador,SLV,2014,25054230000,0.668,6295124
El Salvador,SLV,2016,26797470000,0.671,6356137
Equatorial Guinea,GNQ,1992,134707184,0.57,447269
Equatorial Guinea,GNQ,1994,100807002,0.569,479099
Equatorial Guinea,GNQ,1996,232463036,0.569,515844
Equatorial Guinea,GNQ,1998,370687619,0.569,558496
Equatorial Guinea,GNQ,2000,1045998496,0.525,606180
Equatorial Guinea,GNQ,2002,1806742742,0.546,658388
Equatorial Guinea,GNQ,2004,4410764339,0.554,716949
Equatorial Guinea,GNQ,2006,10086528699,0.576,784494
Equatorial Guinea,GNQ,2008,19749893536,0.583,860839
Equatorial Guinea,GNQ,2010,16298542028,0.576,943640
Equatorial Guinea,GNQ,2012,22389627294,0.584,1031191
Equatorial Guinea,GNQ,2014,21736500713,0.586,1122273
Equatorial Guinea,GNQ,2016,10684804794,0.588,1215181
Eritrea,ERI,1992,477101652,0.431,2257593
Eritrea,ERI,1994,531688312,0.431,2218436
Eritrea,ERI,1996,693535954,0.431,2196467
Eritrea,ERI,1998,745526155,0.431,2206439
Eritrea,ERI,2000,706370816,0.431,2292413
Eritrea,ERI,2002,729321367,0.431,2481059
Eritrea,ERI,2004,1109054005,0.431,2719809
Eritrea,ERI,2006,1211161880,0.428,2918209
Eritrea,ERI,2008,1380188800,0.426,3062782
Eritrea,ERI,2010,2117039512,0.436,3170437
Estonia,EST,1996,4746109767,0.446,1415594
Estonia,EST,1998,5617109245,0.454,1386156
Estonia,EST,2000,5685774809,0.787,1396985
Estonia,EST,2002,7322069511,0.805,1379350
Estonia,EST,2004,12059201242,0.821,1362550
Estonia,EST,2006,16963625016,0.839,1346810
Estonia,EST,2008,24194039256,0.848,1337090
Estonia,EST,2010,19490936349,0.852,1331475
Estonia,EST,2012,23043864510,0.865,1322696
Estonia,EST,2014,26224622451,0.871,1314545
Estonia,EST,2016,23337907619,0.881,1315790
Ethiopia,ETH,1992,10492993078,0.389,51423591
Ethiopia,ETH,1994,6927950565,0.389,55180993
Ethiopia,ETH,1996,8547939731,0.389,58883531
Ethiopia,ETH,1998,7818224906,0.389,62507724
Ethiopia,ETH,2000,8242392104,0.292,66224809
Ethiopia,ETH,2002,7850809498,0.315,70142090
Ethiopia,ETH,2004,10131187261,0.334,74239508
Ethiopia,ETH,2006,15280861835,0.371,78489205
Ethiopia,ETH,2008,27066912635,0.403,82916236
Ethiopia,ETH,2010,29933790334,0.421,87639962
Ethiopia,ETH,2012,43310721414,0.438,92726982
Ethiopia,ETH,2014,55612228234,0.455,98094264
Ethiopia,ETH,2016,72374224249,0.467,103603461
Fiji,FJI,1992,1531803061,0.672,744470
Fiji,FJI,1994,1825285158,0.68,765607
Fiji,FJI,1996,2129266728,0.688,784389
Fiji,FJI,1998,1656784780,0.687,800148
Fiji,FJI,2000,1684109743,0.695,811011
Fiji,FJI,2002,1842691481,0.7,815257
Fiji,FJI,2004,2727507213,0.709,817864
Fiji,FJI,2006,3102741451,0.708,827869
Fiji,FJI,2008,3523185920,0.712,845356
Fiji,FJI,2010,3140508836,0.715,859816
Fiji,FJI,2012,3972012571,0.722,865065
Fiji,FJI,2014,4469573275,0.733,866447
Fiji,FJI,2016,4703632978,0.738,872406
Finland,FIN,1992,1.13E+11,0.801,5041992
Finland,FIN,1994,1.03E+11,0.815,5088333
Finland,FIN,1996,1.32E+11,0.83,5124573
Finland,FIN,1998,1.34E+11,0.846,5153498
Finland,FIN,2000,1.26E+11,0.864,5176209
Finland,FIN,2002,1.4E+11,0.874,5200598
Finland,FIN,2004,1.97E+11,0.904,5228172
Finland,FIN,2006,2.17E+11,0.912,5266268
Finland,FIN,2008,2.84E+11,0.917,5313399
Finland,FIN,2010,2.48E+11,0.916,5363352
Finland,FIN,2012,2.57E+11,0.921,5413971
Finland,FIN,2014,2.73E+11,0.928,5461512
Finland,FIN,2016,2.39E+11,0.932,5495303
France,FRA,1992,1.41E+12,0.804,58851216
France,FRA,1994,1.4E+12,0.825,59327200
France,FRA,1996,1.61E+12,0.837,59753095
France,FRA,1998,1.51E+12,0.845,60186284
France,FRA,2000,1.37E+12,0.849,60912500
France,FRA,2002,1.5E+12,0.852,61805266
France,FRA,2004,2.12E+12,0.858,62704901
France,FRA,2006,2.33E+12,0.871,63621376
France,FRA,2008,2.92E+12,0.875,64374979
France,FRA,2010,2.65E+12,0.879,65027505
France,FRA,2012,2.68E+12,0.885,65659814
France,FRA,2014,2.85E+12,0.893,66312067
France,FRA,2016,2.47E+12,0.894,66724104
Gabon,GAB,1992,5592390849,0.617,1002573
Gabon,GAB,1994,4190819314,0.622,1057252
Gabon,GAB,1996,5694040337,0.626,1112944
Gabon,GAB,1998,4483417120,0.63,1170061
Gabon,GAB,2000,5067865321,0.621,1228359
Gabon,GAB,2002,5310381151,0.626,1288310
Gabon,GAB,2004,7756293575,0.626,1353788
Gabon,GAB,2006,10318424464,0.632,1430144
Gabon,GAB,2008,15508574820,0.639,1518538
Gabon,GAB,2010,14358585196,0.652,1624146
Gabon,GAB,2012,17171446922,0.666,1749677
Gabon,GAB,2014,18179717776,0.682,1883801
Gabon,GAB,2016,14213558130,0.69,2007882
Gambia,GMB,1992,714255461,0.358,1027476
Gambia,GMB,1994,746491693,0.366,1094219
Gambia,GMB,1996,848237109,0.377,1164091
Gambia,GMB,1998,840285265,0.388,1238124
Gambia,GMB,2000,782915402,0.403,1317708
Gambia,GMB,2002,578236035,0.415,1404263
Gambia,GMB,2004,578785279,0.431,1496524
Gambia,GMB,2006,655068696,0.44,1591444
Gambia,GMB,2008,965769127,0.453,1689288
Gambia,GMB,2010,951804227,0.459,1793199
Gambia,GMB,2012,910026287,0.461,1905020
Gambia,GMB,2014,833240810,0.468,2024037
Gambia,GMB,2016,964599178,0.475,2149134
Georgia,GEO,1992,3690328964,0.742,4873500
Georgia,GEO,1994,2513870587,0.741,4836076
Georgia,GEO,1996,3094915506,0.741,4491699
Georgia,GEO,1998,3613500117,0.741,4243607
Georgia,GEO,2000,3057453483,0.69,4077131
Georgia,GEO,2002,3395778674,0.699,3978515
Georgia,GEO,2004,5125273881,0.715,3927340
Georgia,GEO,2006,7745406201,0.731,3880347
Georgia,GEO,2008,12795044473,0.742,3848449
Georgia,GEO,2010,11638536834,0.751,3786695
Georgia,GEO,2012,15846474596,0.767,3728874
Georgia,GEO,2014,16509305828,0.783,3719414
Georgia,GEO,2016,14378016729,0.792,3727505
Germany,DEU,1992,2.12E+12,0.821,80624598
Germany,DEU,1994,2.21E+12,0.837,81438348
Germany,DEU,1996,2.5E+12,0.846,81914831
Germany,DEU,1998,2.24E+12,0.86,82047195
Germany,DEU,2000,1.95E+12,0.876,82211508
Germany,DEU,2002,2.08E+12,0.89,82488495
Germany,DEU,2004,2.82E+12,0.907,82516260
Germany,DEU,2006,3E+12,0.918,82376451
Germany,DEU,2008,3.75E+12,0.924,82110097
Germany,DEU,2010,3.42E+12,0.927,81776930
Germany,DEU,2012,3.54E+12,0.934,80425823
Germany,DEU,2014,3.89E+12,0.937,80982500
Germany,DEU,2016,3.48E+12,0.941,82348669
Ghana,GHA,1992,6413901602,0.474,15653345
Ghana,GHA,1994,5444560669,0.48,16561677
Ghana,GHA,1996,6934984709,0.484,17462504
Ghana,GHA,1998,7480968858,0.487,18357159
Ghana,GHA,2000,4983024408,0.494,19278850
Ghana,GHA,2002,6166330136,0.499,20246376
Ghana,GHA,2004,8881368538,0.509,21272328
Ghana,GHA,2006,20409257610,0.529,22379057
Ghana,GHA,2008,28526891010,0.553,23563832
Ghana,GHA,2010,32174772956,0.565,24779614
Ghana,GHA,2012,41939728979,0.577,25996454
Ghana,GHA,2014,38616536132,0.59,27224480
Ghana,GHA,2016,42689783734,0.598,28481947
Great Britain,GBR,1992,1.18E+12,0.807,57580402
Great Britain,GBR,1994,1.14E+12,0.833,57865745
Great Britain,GBR,1996,1.41E+12,0.851,58166950
Great Britain,GBR,1998,1.64E+12,0.862,58487141
Great Britain,GBR,2000,1.65E+12,0.874,58892514
Great Britain,GBR,2002,1.77E+12,0.881,59370479
Great Britain,GBR,2004,2.4E+12,0.892,59987905
Great Britain,GBR,2006,2.69E+12,0.896,60846820
Great Britain,GBR,2008,2.89E+12,0.903,61806995
Great Britain,GBR,2010,2.44E+12,0.912,62766365
Great Britain,GBR,2012,2.66E+12,0.904,63700215
Great Britain,GBR,2014,3.02E+12,0.925,64602298
Great Britain,GBR,2016,2.65E+12,0.924,65611593
Greece,GRC,1992,1.16E+11,0.771,10399061
Greece,GRC,1994,1.17E+11,0.774,10512922
Greece,GRC,1996,1.46E+11,0.78,10608800
Greece,GRC,1998,1.44E+11,0.795,10720509
Greece,GRC,2000,1.3E+11,0.804,10805808
Greece,GRC,2002,1.54E+11,0.826,10902022
Greece,GRC,2004,2.41E+11,0.843,10955141
Greece,GRC,2006,2.73E+11,0.859,11020362
Greece,GRC,2008,3.54E+11,0.865,11077841
Greece,GRC,2010,2.99E+11,0.865,11121341
Greece,GRC,2012,2.46E+11,0.865,11045011
Greece,GRC,2014,2.37E+11,0.875,10892413
Greece,GRC,2016,1.93E+11,0.874,10775971
Grenada,GRD,1992,310160444,0.75,97161
Grenada,GRD,1994,325111815,0.75,99345
Grenada,GRD,1996,366911444,0.75,101003
Grenada,GRD,1998,445903593,0.75,102023
Grenada,GRD,2000,520044370,0.75,102837
Grenada,GRD,2002,540336926,0.721,103636
Grenada,GRD,2004,599118593,0.731,104346
Grenada,GRD,2006,698700656,0.745,104938
Grenada,GRD,2008,825977889,0.753,105457
Grenada,GRD,2010,771015889,0.754,106227
Grenada,GRD,2012,799882148,0.757,107452
Grenada,GRD,2014,911481482,0.766,108900
Grenada,GRD,2016,1056188593,0.771,110263
Guatemala,GTM,1992,10440842165,0.493,9544055
Guatemala,GTM,1994,12983235568,0.504,10037522
Guatemala,GTM,1996,15674852771,0.518,10536942
Guatemala,GTM,1998,19395461990,0.534,11046215
Guatemala,GTM,2000,19288926545,0.549,11589761
Guatemala,GTM,2002,20776669467,0.563,12147518
Guatemala,GTM,2004,23965275996,0.571,12682108
Guatemala,GTM,2006,30231249362,0.583,13213330
Guatemala,GTM,2008,39136893345,0.597,13739299
Guatemala,GTM,2010,41338595381,0.606,14259687
Guatemala,GTM,2012,50388454861,0.618,14781942
Guatemala,GTM,2014,58722323918,0.648,15306316
Guatemala,GTM,2016,68763255964,0.653,15827690
Guinea,GIN,1992,3284625277,0.291,6716032
Guinea,GIN,1994,3383218923,0.301,7081119
Guinea,GIN,1996,3869032271,0.31,7463782
Guinea,GIN,1998,3588376057,0.326,7860772
Guinea,GIN,2000,2995360969,0.34,8240735
Guinea,GIN,2002,2949637039,0.356,8586077
Guinea,GIN,2004,3666349049,0.372,8925729
Guinea,GIN,2006,4220053411,0.392,9307421
Guinea,GIN,2008,6963961726,0.408,9738796
Guinea,GIN,2010,6861546076,0.416,10192168
Guinea,GIN,2012,7387103675,0.439,10652032
Guinea,GIN,2014,8791353805,0.452,11150970
Guinea,GIN,2016,8200248003,0.465,11738434
Guinea-Bissau,GNB,1992,226313493,0.438,1020353
Guinea-Bissau,GNB,1994,235619995,0.438,1066345
Guinea-Bissau,GNB,1996,270419779,0.438,1110835
Guinea-Bissau,GNB,1998,206457553,0.438,1154372
Guinea-Bissau,GNB,2000,370173852,0.438,1201305
Guinea-Bissau,GNB,2002,415843482,0.438,1254454
Guinea-Bissau,GNB,2004,531109356,0.438,1313492
Guinea-Bissau,GNB,2006,591829908,0.411,1377582
Guinea-Bissau,GNB,2008,864136713,0.424,1446936
Guinea-Bissau,GNB,2010,850633310,0.436,1522603
Guinea-Bissau,GNB,2012,989875559,0.448,1604981
Guinea-Bissau,GNB,2014,1055186196,0.459,1692433
Guinea-Bissau,GNB,2016,1164944510,0.468,1782434
Guyana,GUY,1992,368281379,0.559,1020353
Guyana,GUY,1994,540874934,0.582,1066345
Guyana,GUY,1996,705406001,0.598,1110835
Guyana,GUY,1998,717530683,0.607,1154372
Guyana,GUY,2000,712667897,0.616,1201305
Guyana,GUY,2002,722460886,0.622,1254454
Guyana,GUY,2004,785918770,0.625,1313492
Guyana,GUY,2006,1458449453,0.63,1377582
Guyana,GUY,2008,1922598121,0.638,1446936
Guyana,GUY,2010,2273225042,0.649,1522603
Guyana,GUY,2012,2861562266,0.662,1604981
Guyana,GUY,2014,3077643314,0.671,1692433
Guyana,GUY,2016,3502397094,0.676,1782434
Haiti,HTI,1992,2257129874,0.418,7319491
Haiti,HTI,1994,2167569095,0.415,7602318
Haiti,HTI,1996,2907517543,0.428,7887312
Haiti,HTI,1998,3723903724,0.435,8174680
Haiti,HTI,2000,3953839594,0.442,8463802
Haiti,HTI,2002,3472194099,0.446,8754148
Haiti,HTI,2004,3537721020,0.45,9047082
Haiti,HTI,2006,4756204070,0.458,9344784
Haiti,HTI,2008,6548530572,0.466,9646570
Haiti,HTI,2010,6622541529,0.471,9949318
Haiti,HTI,2012,7890216508,0.482,10250922
Haiti,HTI,2014,8776360623,0.492,10549007
Haiti,HTI,2016,8022638722,0.5,10839976
Honduras,HND,1992,3419487441,0.523,5244677
Honduras,HND,1994,3432356579,0.534,5548969
Honduras,HND,1996,4034037162,0.545,5874814
Honduras,HND,1998,5202215657,0.556,6220405
Honduras,HND,2000,7103529494,0.566,6574510
Honduras,HND,2002,7775078403,0.575,6929267
Honduras,HND,2004,8772194250,0.586,7282953
Honduras,HND,2006,10841742348,0.599,7634295
Honduras,HND,2008,13789715133,0.603,7980955
Honduras,HND,2010,15839344592,0.61,8317467
Honduras,HND,2012,18528506894,0.612,8640692
Honduras,HND,2014,19756494435,0.616,8955579
Honduras,HND,2016,21516938910,0.626,9270794
Hong Kong ,HKG,1992,1.04E+11,0.794,5800500
Hong Kong ,HKG,1994,1.36E+11,0.807,6035400
Hong Kong ,HKG,1996,1.6E+11,0.814,6435500
Hong Kong ,HKG,1998,1.69E+11,0.82,6543700
Hong Kong ,HKG,2000,1.72E+11,0.83,6665000
Hong Kong ,HKG,2002,1.66E+11,0.845,6744100
Hong Kong ,HKG,2004,1.69E+11,0.865,6783500
Hong Kong ,HKG,2006,1.94E+11,0.886,6857100
Hong Kong ,HKG,2008,2.19E+11,0.899,6957800
Hong Kong ,HKG,2010,2.29E+11,0.904,7024200
Hong Kong ,HKG,2012,2.63E+11,0.914,7150100
Hong Kong ,HKG,2014,2.91E+11,0.926,7229500
Hong Kong ,HKG,2016,3.21E+11,0.936,7336600
Hungary,HUN,1992,38724945368,0.711,10369341
Hungary,HUN,1994,43160392124,0.737,10343355
Hungary,HUN,1996,46659796773,0.75,10311238
Hungary,HUN,1998,48770466839,0.758,10266570
Hungary,HUN,2000,47310623887,0.772,10210971
Hungary,HUN,2002,67716887203,0.788,10158608
Hungary,HUN,2004,1.04E+11,0.799,10107146
Hungary,HUN,2006,1.15E+11,0.815,10071370
Hungary,HUN,2008,1.58E+11,0.822,10038188
Hungary,HUN,2010,1.31E+11,0.831,10000023
Hungary,HUN,2012,1.28E+11,0.831,9920362
Hungary,HUN,2014,1.4E+11,0.838,9866468
Hungary,HUN,2016,1.26E+11,0.844,9814023
Iceland,ISL,1992,7138787995,0.823,261057
Iceland,ISL,1994,6441621298,0.829,266021
Iceland,ISL,1996,7501950116,0.836,268916
Iceland,ISL,1998,8468339856,0.855,274047
Iceland,ISL,2000,8946079678,0.867,281205
Iceland,ISL,2002,9199643908,0.881,287523
Iceland,ISL,2004,13703315349,0.891,292074
Iceland,ISL,2006,17043245939,0.899,303782
Iceland,ISL,2008,17640375722,0.899,317414
Iceland,ISL,2010,13254818331,0.898,318041
Iceland,ISL,2012,14218575093,0.915,320716
Iceland,ISL,2014,17178962757,0.931,327386
Iceland,ISL,2016,20047413006,0.941,335439
India,IND,1992,2.84E+11,0.44,909307018
India,IND,1994,3.23E+11,0.453,945601828
India,IND,1996,3.88E+11,0.468,982365248
India,IND,1998,4.16E+11,0.481,1019483586
India,IND,2000,4.62E+11,0.495,1056575548
India,IND,2002,5.08E+11,0.506,1093317187
India,IND,2004,7E+11,0.527,1129623466
India,IND,2006,9.2E+11,0.546,1165486291
India,IND,2008,1.19E+12,0.563,1200669762
India,IND,2010,1.66E+12,0.579,1234281163
India,IND,2012,1.83E+12,0.597,1265780243
India,IND,2014,2.04E+12,0.616,1295600768
India,IND,2016,2.26E+12,0.63,1324517250
Indonesia,IDN,1992,1.36E+11,0.44,187739786
Indonesia,IDN,1994,1.88E+11,0.453,193917458
Indonesia,IDN,1996,2.42E+11,0.468,199901231
Indonesia,IDN,1998,1.02E+11,0.481,205724597
Indonesia,IDN,2000,1.76E+11,0.495,211513822
Indonesia,IDN,2002,2.08E+11,0.506,217357790
Indonesia,IDN,2004,2.73E+11,0.527,223285666
Indonesia,IDN,2006,3.88E+11,0.546,229318262
Indonesia,IDN,2008,5.43E+11,0.563,235469755
Indonesia,IDN,2010,7.55E+11,0.579,241834226
Indonesia,IDN,2012,9.18E+11,0.597,248451714
Indonesia,IDN,2014,8.91E+11,0.616,255128076
Indonesia,IDN,2016,9.32E+11,0.63,261556386
Iran,IRN,1994,71841461173,0.616,60590608
Iran,IRN,1996,1.2E+11,0.634,62294919
Iran,IRN,1998,1.1E+11,0.647,63971836
Iran,IRN,2000,1.1E+11,0.658,65623397
Iran,IRN,2002,1.29E+11,0.67,67284801
Iran,IRN,2004,1.9E+11,0.678,68951279
Iran,IRN,2006,2.66E+11,0.719,70554756
Iran,IRN,2008,4.06E+11,0.728,72120608
Iran,IRN,2010,4.87E+11,0.742,73762519
Iran,IRN,2012,5.99E+11,0.768,75539881
Iran,IRN,2014,4.34E+11,0.774,77465769
Iran,IRN,2016,4.19E+11,0.784,79563991
Iraq,IRQ,2004,36627901762,0.615,26313838
Iraq,IRQ,2006,65140293688,0.62,27448124
Iraq,IRQ,2008,1.32E+11,0.63,28385739
Iraq,IRQ,2010,1.39E+11,0.636,29741977
Iraq,IRQ,2012,2.18E+11,0.646,31890012
Iraq,IRQ,2014,2.35E+11,0.645,34411949
Iraq,IRQ,2016,1.71E+11,0.656,36610632
Ireland,IRL,1992,55985505159,0.782,3558430
Ireland,IRL,1994,57166035689,0.798,3590386
Ireland,IRL,1996,75880630040,0.811,3637510
Ireland,IRL,1998,90082029831,0.851,3712696
Ireland,IRL,2000,99853528745,0.867,3805174
Ireland,IRL,2002,1.28E+11,0.881,3931947
Ireland,IRL,2004,1.94E+11,0.898,4070262
Ireland,IRL,2006,2.32E+11,0.906,4273591
Ireland,IRL,2008,2.75E+11,0.911,4489544
Ireland,IRL,2010,2.22E+11,0.901,4560155
Ireland,IRL,2012,2.26E+11,0.908,4599533
Ireland,IRL,2014,2.58E+11,0.928,4657740
Ireland,IRL,2016,3.05E+11,0.943,4755335
Israel,ISR,1992,75575902932,0.815,5123000
Israel,ISR,1994,86307135997,0.827,5399000
Israel,ISR,1996,1.1E+11,0.836,5692000
Israel,ISR,1998,1.16E+11,0.852,5971000
Israel,ISR,2000,1.32E+11,0.861,6289000
Israel,ISR,2002,1.21E+11,0.873,6570000
Israel,ISR,2004,1.35E+11,0.876,6809000
Israel,ISR,2006,1.54E+11,0.88,7053700
Israel,ISR,2008,2.16E+11,0.889,7308800
Israel,ISR,2010,2.34E+11,0.895,7623600
Israel,ISR,2012,2.57E+11,0.903,7910500
Israel,ISR,2014,3.08E+11,0.909,8215700
Israel,ISR,2016,3.18E+11,0.913,8546000
Italy,ITA,1992,1.32E+12,0.788,56797087
Italy,ITA,1994,1.1E+12,0.802,56843400
Italy,ITA,1996,1.31E+12,0.814,56860281
Italy,ITA,1998,1.27E+12,0.827,56906744
Italy,ITA,2000,1.14E+12,0.838,56942108
Italy,ITA,2002,1.27E+12,0.85,57059007
Italy,ITA,2004,1.8E+12,0.86,57685327
Italy,ITA,2006,1.94E+12,0.87,58143979
Italy,ITA,2008,2.39E+12,0.876,58826731
Italy,ITA,2010,2.13E+12,0.879,59277417
Italy,ITA,2012,2.07E+12,0.882,59539717
Italy,ITA,2014,2.15E+12,0.882,60789140
Italy,ITA,2016,1.86E+12,0.884,60627498
Jamaica,JAM,1992,3530892749,0.655,2461047
Jamaica,JAM,1994,4907861406,0.671,2509042
Jamaica,JAM,1996,6504445801,0.677,2558631
Jamaica,JAM,1998,8718300136,0.678,2608874
Jamaica,JAM,2000,8929375580,0.678,2654698
Jamaica,JAM,2002,9694161516,0.692,2692843
Jamaica,JAM,2004,10150978155,0.704,2725017
Jamaica,JAM,2006,11905525197,0.711,2754414
Jamaica,JAM,2008,13678606692,0.737,2781869
Jamaica,JAM,2010,13191645686,0.732,2810464
Jamaica,JAM,2012,14800165407,0.731,2842128
Jamaica,JAM,2014,13897723431,0.729,2875137
Jamaica,JAM,2016,14056908749,0.731,2906242
Japan,JPN,1992,3.9E+12,0.826,124425000
Japan,JPN,1994,4.91E+12,0.837,125178000
Japan,JPN,1996,4.83E+12,0.847,125757000
Japan,JPN,1998,4.03E+12,0.849,126400000
Japan,JPN,2000,4.89E+12,0.858,126843000
Japan,JPN,2002,4.12E+12,0.864,127445000
Japan,JPN,2004,4.82E+12,0.871,127761000
Japan,JPN,2006,4.53E+12,0.879,127854000
Japan,JPN,2008,5.04E+12,0.883,128063000
Japan,JPN,2010,5.7E+12,0.887,128070000
Japan,JPN,2012,6.2E+12,0.897,127629000
Japan,JPN,2014,4.85E+12,0.906,127276000
Japan,JPN,2016,4.94E+12,0.912,127076000
Jordan,JOR,1992,5311329067,0.657,3977667
Jordan,JOR,1994,6237739516,0.679,4410357
Jordan,JOR,1996,6928359238,0.695,4732848
Jordan,JOR,1998,7912327362,0.702,4943975
Jordan,JOR,2000,8460424401,0.711,5122495
Jordan,JOR,2002,9582453032,0.715,5317514
Jordan,JOR,2004,11411390409,0.726,5580241
Jordan,JOR,2006,15056929760,0.741,5991547
Jordan,JOR,2008,21972004086,0.745,6556473
Jordan,JOR,2010,26425379437,0.737,7261541
Jordan,JOR,2012,30937277606,0.735,8089963
Jordan,JOR,2014,35826925775,0.729,8918822
Jordan,JOR,2016,38654727746,0.729,9554286
Kazakhstan,KAZ,1992,24906939560,0.682,16439095
Kazakhstan,KAZ,1994,21250839258,0.667,16145766
Kazakhstan,KAZ,1996,21035357833,0.666,15578227
Kazakhstan,KAZ,1998,22135245413,0.672,15071640
Kazakhstan,KAZ,2000,18291990619,0.685,14883626
Kazakhstan,KAZ,2002,24636593223,0.714,14858948
Kazakhstan,KAZ,2004,43151647003,0.737,15012984
Kazakhstan,KAZ,2006,81003884545,0.754,15308085
Kazakhstan,KAZ,2008,1.33E+11,0.758,15776938
Kazakhstan,KAZ,2010,1.48E+11,0.764,16321872
Kazakhstan,KAZ,2012,2.08E+11,0.782,16792090
Kazakhstan,KAZ,2014,2.21E+11,0.798,17288285
Kazakhstan,KAZ,2016,1.37E+11,0.808,17794055
Kenya,KEN,1992,8209129172,0.476,25326080
Kenya,KEN,1994,7148145376,0.469,26950508
Kenya,KEN,1996,12045858436,0.467,28589456
Kenya,KEN,1998,14093998844,0.463,30250488
Kenya,KEN,2000,12705357103,0.461,31964557
Kenya,KEN,2002,13147743911,0.465,33751746
Kenya,KEN,2004,16095337094,0.49,35635267
Kenya,KEN,2006,25825524821,0.515,37649039
Kenya,KEN,2008,35895153328,0.532,39791984
Kenya,KEN,2010,39999659234,0.551,42030684
Kenya,KEN,2012,50412754822,0.566,44343469
Kenya,KEN,2014,61445345999,0.58,46700063
Kenya,KEN,2016,70529014778,0.591,49051531
Kiribati,KIR,1992,47737955,0.59,74767
Kiribati,KIR,1994,54832578,0.59,76668
Kiribati,KIR,1996,66515377,0.59,78904
Kiribati,KIR,1998,65334841,0.59,81558
Kiribati,KIR,2000,67254174,0.553,84405
Kiribati,KIR,2002,72196458,0.569,87308
Kiribati,KIR,2004,102367039,0.572,90498
Kiribati,KIR,2006,108545633,0.586,94341
Kiribati,KIR,2008,139125482,0.59,98760
Kiribati,KIR,2010,153275913,0.593,102930
Kiribati,KIR,2012,188045662,0.6,106359
Kiribati,KIR,2014,178869341,0.617,109387
Kiribati,KIR,2016,181551485,0.622,112529
Kuwait,KWT,1992,19858555215,0.659,2568945
Kuwait,KWT,1994,24848483838,0.718,2568945
Kuwait,KWT,1996,31493987642,0.772,1626858
Kuwait,KWT,1998,25941929462,0.78,1831121
Kuwait,KWT,2000,37711864407,0.781,2045123
Kuwait,KWT,2002,38137545245,0.78,2136991
Kuwait,KWT,2004,59440108585,0.789,2200498
Kuwait,KWT,2006,1.02E+11,0.788,2373661
Kuwait,KWT,2008,1.47E+11,0.79,2656010
Kuwait,KWT,2010,1.15E+11,0.788,2991884
Kuwait,KWT,2012,1.74E+11,0.796,3348852
Kuwait,KWT,2014,1.63E+11,0.796,3690939
Kuwait,KWT,2016,1.11E+11,0.804,3956862
Kyrgyzstan,KGZ,1992,2316562500,0.625,4515400
Kyrgyzstan,KGZ,1994,1681006993,0.595,4515100
Kyrgyzstan,KGZ,1996,1827570586,0.594,4628400
Kyrgyzstan,KGZ,1998,1645963750,0.606,4769000
Kyrgyzstan,KGZ,2000,1369693171,0.62,4898400
Kyrgyzstan,KGZ,2002,1605640633,0.63,4990700
Kyrgyzstan,KGZ,2004,2211535312,0.64,5104700
Kyrgyzstan,KGZ,2006,2834168889,0.647,5218400
Kyrgyzstan,KGZ,2008,5139957785,0.656,5318700
Kyrgyzstan,KGZ,2010,4794357795,0.662,5447900
Kyrgyzstan,KGZ,2012,6605139933,0.674,5607200
Kyrgyzstan,KGZ,2014,7468096567,0.686,5835500
Kyrgyzstan,KGZ,2016,6551287938,0.691,6079500
Laos,LAO,1992,1127806945,0.415,4500346
Laos,LAO,1994,1543606345,0.43,4735837
Laos,LAO,1996,1873671550,0.445,4951189
Laos,LAO,1998,1280177839,0.46,5144601
Laos,LAO,2000,1731198022,0.471,5323701
Laos,LAO,2002,1758176653,0.486,5493247
Laos,LAO,2004,2366398120,0.503,5662199
Laos,LAO,2006,3452882514,0.514,5846075
Laos,LAO,2008,5443915121,0.535,6046630
Laos,LAO,2010,7127792630,0.552,6249168
Laos,LAO,2012,10191350120,0.575,6444527
Laos,LAO,2014,13268458232,0.589,6639763
Laos,LAO,2016,15903329473,0.605,6845848
Latvia,LVA,1996,5970044666,0.687,2457222
Latvia,LVA,1998,7174985107,0.711,2410019
Latvia,LVA,2000,7937758980,0.735,2367550
Latvia,LVA,2002,9546441564,0.767,2310173
Latvia,LVA,2004,14373269156,0.795,2263122
Latvia,LVA,2006,21447021570,0.816,2218357
Latvia,LVA,2008,35596016664,0.828,2177322
Latvia,LVA,2010,23757368290,0.824,2097555
Latvia,LVA,2012,28119996053,0.832,2034319
Latvia,LVA,2014,31419072948,0.845,1993782
Latvia,LVA,2016,27572698482,0.854,1959537
Lebanon,LBN,1992,5545921947,0.753,3076133
Lebanon,LBN,1994,9599127050,0.752,3403359
Lebanon,LBN,1996,13690217333,0.752,3610663
Lebanon,LBN,1998,17247179006,0.752,3693514
Lebanon,LBN,2000,17260364842,0.752,3842774
Lebanon,LBN,2002,19152238806,0.752,4182205
Lebanon,LBN,2004,20955223881,0.752,4569377
Lebanon,LBN,2006,21796351575,0.739,4759760
Lebanon,LBN,2008,29227350570,0.757,4764745
Lebanon,LBN,2010,38419626628,0.766,4953064
Lebanon,LBN,2012,43868565282,0.759,5537620
Lebanon,LBN,2014,47833413749,0.748,6261046
Lebanon,LBN,2016,49598825982,0.741,6714281
Lesotho,LSO,1992,831033941,0.493,1782284
Lesotho,LSO,1994,878250451,0.486,1861323
Lesotho,LSO,1996,946123276,0.477,1934294
Lesotho,LSO,1998,928458206,0.47,1997524
Lesotho,LSO,2000,887295268,0.459,2032805
Lesotho,LSO,2002,775780698,0.446,2029832
Lesotho,LSO,2004,1511236656,0.44,2005953
Lesotho,LSO,2006,1800105590,0.436,1989933
Lesotho,LSO,2008,1870722801,0.446,1987130
Lesotho,LSO,2010,2385950664,0.46,1995575
Lesotho,LSO,2012,2678494689,0.48,2014988
Lesotho,LSO,2014,2614566292,0.498,2043448
Lesotho,LSO,2016,2291321667,0.512,2075041
Liberia,LBR,1992,223500000,0.449,2001612
Liberia,LBR,1994,132200000,0.448,1986491
Liberia,LBR,1996,159400000,0.448,2160480
Liberia,LBR,1998,359600000,0.448,2517472
Liberia,LBR,2000,529064600,0.435,2848447
Liberia,LBR,2002,543000000,0.437,3024727
Liberia,LBR,2004,474700000,0.427,3135654
Liberia,LBR,2006,604028900,0.438,3329211
Liberia,LBR,2008,850040500,0.45,3607863
Liberia,LBR,2010,1292697100,0.455,3891357
Liberia,LBR,2012,1735500000,0.469,4135662
Liberia,LBR,2014,2013000000,0.478,4359508
Liberia,LBR,2016,2101000000,0.478,4586788
Libya,LBY,1992,33881392045,0.74,4650896
Libya,LBY,1994,28607921929,0.75,4854871
Libya,LBY,1996,27884615385,0.76,5036173
Libya,LBY,1998,27249786142,0.77,5196774
Libya,LBY,2000,38270206950,0.78,5357893
Libya,LBY,2002,20481889764,0.79,5531097
Libya,LBY,2004,33122307692,0.798,5710163
Libya,LBY,2006,54961936663,0.8,5886874
Libya,LBY,2008,87140405361,0.8,6058740
Libya,LBY,2010,74773444901,0.798,6197667
Liechtenstein,LIE,1992,1631197909,0.893,29552
Liechtenstein,LIE,1994,1948118228,0.892,30415
Liechtenstein,LIE,1996,2504033252,0.892,31354
Liechtenstein,LIE,1998,2479721341,0.892,32306
Liechtenstein,LIE,2000,2483953103,0.862,33184
Liechtenstein,LIE,2002,2688630823,0.873,33885
Liechtenstein,LIE,2004,3454362686,0.883,34444
Liechtenstein,LIE,2006,4000239273,0.89,34975
Liechtenstein,LIE,2008,5081432924,0.899,35469
Liechtenstein,LIE,2010,5082366478,0.904,35996
Liechtenstein,LIE,2012,5456009385,0.908,36615
Liechtenstein,LIE,2014,6657170923,0.911,37219
Lithuania,LTU,1996,8385109020,0.719,3601613
Lithuania,LTU,1998,11240360898,0.743,3549331
Lithuania,LTU,2000,11539211480,0.762,3499536
Lithuania,LTU,2002,14278357284,0.785,3443067
Lithuania,LTU,2004,22649930576,0.805,3377075
Lithuania,LTU,2006,30216060233,0.826,3269909
Lithuania,LTU,2008,47850551149,0.838,3198231
Lithuania,LTU,2010,37120517694,0.831,3097282
Lithuania,LTU,2012,42847900766,0.841,2987773
Lithuania,LTU,2014,48545251796,0.859,2932367
Lithuania,LTU,2016,42738875963,0.867,2868231
Luxembourg,LUX,1992,16065740778,0.809,392175
Luxembourg,LUX,1994,18325791415,0.818,402925
Luxembourg,LUX,1996,21776609772,0.83,414225
Luxembourg,LUX,1998,20209122027,0.844,424700
Luxembourg,LUX,2000,21263514833,0.86,436300
Luxembourg,LUX,2002,23616328816,0.869,446175
Luxembourg,LUX,2004,34685281848,0.876,458095
Luxembourg,LUX,2006,42414308117,0.884,472637
Luxembourg,LUX,2008,55849686539,0.89,488650
Luxembourg,LUX,2010,53212476812,0.898,506953
Luxembourg,LUX,2012,56677961787,0.9,530946
Luxembourg,LUX,2014,66327344189,0.903,556319
Luxembourg,LUX,2016,58631324559,0.91,582014
Macedonia,MKD,1992,2316618543,0.726,1988659
Macedonia,MKD,1994,3381270208,0.725,1981713
Macedonia,MKD,1996,4422160018,0.725,1989441
Macedonia,MKD,1998,3571043103,0.725,2007523
Macedonia,MKD,2000,3772851420,0.677,2026350
Macedonia,MKD,2002,4018365247,0.688,2020157
Macedonia,MKD,2004,5682719260,0.702,2032544
Macedonia,MKD,2006,6861222332,0.716,2040228
Macedonia,MKD,2008,9909548411,0.737,2046898
Macedonia,MKD,2010,9407168702,0.743,2055004
Macedonia,MKD,2012,9745251126,0.748,2061044
Macedonia,MKD,2014,11362272838,0.755,2067471
Macedonia,MKD,2016,10899583155,0.765,2072490
Madagascar,MDG,1992,3024459564,0.497,12301338
Madagascar,MDG,1994,2977040722,0.497,13066544
Madagascar,MDG,1996,3995028593,0.497,13902697
Madagascar,MDG,1998,3738704468,0.497,14808791
Madagascar,MDG,2000,3877673539,0.462,15766806
Madagascar,MDG,2002,4397254608,0.464,16765122
Madagascar,MDG,2004,4363934494,0.48,17802992
Madagascar,MDG,2006,5515884349,0.49,18880265
Madagascar,MDG,2008,9413002921,0.506,19996476
Madagascar,MDG,2010,8729936136,0.511,21151640
Madagascar,MDG,2012,9919780071,0.514,22346641
Madagascar,MDG,2014,10673516673,0.52,23589897
Madagascar,MDG,2016,10001193420,0.523,24894370
Malawi,MWI,1992,1799529357,0.348,9685974
Malawi,MWI,1994,1181801920,0.356,9745695
Malawi,MWI,1996,2281039098,0.376,10022783
Malawi,MWI,1998,1750585204,0.395,10552345
Malawi,MWI,2000,1743506287,0.388,11148751
Malawi,MWI,2002,3495748398,0.357,11713663
Malawi,MWI,2004,3476094499,0.363,12301837
Malawi,MWI,2006,3997852636,0.377,12973693
Malawi,MWI,2008,5320925102,0.405,13727899
Malawi,MWI,2010,6959697194,0.431,14539609
Malawi,MWI,2012,6028470989,0.446,15396010
Malawi,MWI,2014,6054750320,0.465,16289550
Malawi,MWI,2016,5433038647,0.472,17205253
Malaysia,MYS,1992,59167157498,0.66,19002660
Malaysia,MYS,1994,74477975918,0.675,19977508
Malaysia,MYS,1996,1.01E+11,0.694,21017619
Malaysia,MYS,1998,72167753771,0.708,22114647
Malaysia,MYS,2000,93789736842,0.723,23194252
Malaysia,MYS,2002,1.01E+11,0.723,24208391
Malaysia,MYS,2004,1.25E+11,0.733,25190647
Malaysia,MYS,2006,1.63E+11,0.737,26201954
Malaysia,MYS,2008,2.31E+11,0.761,27236003
Malaysia,MYS,2010,2.55E+11,0.772,28208028
Malaysia,MYS,2012,3.14E+11,0.781,29068189
Malaysia,MYS,2014,3.38E+11,0.791,29866606
Malaysia,MYS,2016,2.97E+11,0.8,30684652
Maldives,MDV,1992,284853359,0.653,236271
Maldives,MDV,1994,355884383,0.653,248582
Maldives,MDV,1996,450382328,0.569,259178
Maldives,MDV,1998,540096398,0.597,268445
Maldives,MDV,2000,624337145,0.622,279396
Maldives,MDV,2002,897031250,0.63,294185
Maldives,MDV,2004,1226829565,0.649,311265
Maldives,MDV,2006,1575200391,0.659,327489
Maldives,MDV,2008,2271646188,0.673,343448
Maldives,MDV,2010,2588176058,0.685,365730
Maldives,MDV,2012,2886170570,0.704,397231
Maldives,MDV,2014,3697351594,0.718,435018
Maldives,MDV,2016,4224209599,0.728,475505
Mali,MLI,1992,2830673389,0.246,8850334
Mali,MLI,1994,2081846483,0.26,9334893
Mali,MLI,1996,2780422212,0.274,9837575
Mali,MLI,1998,2920358587,0.294,10360564
Mali,MLI,2000,2954129566,0.312,10946448
Mali,MLI,2002,3889758024,0.334,11616890
Mali,MLI,2004,5444474268,0.356,12369078
Mali,MLI,2006,6899799786,0.376,13203378
Mali,MLI,2008,9750822511,0.394,14113578
Mali,MLI,2010,10678749467,0.408,15049352
Mali,MLI,2012,12442747897,0.413,15979492
Mali,MLI,2014,14388360064,0.419,16934213
Mali,MLI,2016,14034980334,0.422,17965448
Malta,MLT,1992,3021910217,0.762,367618
Malta,MLT,1994,2998570147,0.768,374797
Malta,MLT,1996,3570271558,0.776,379905
Malta,MLT,1998,3923637971,0.789,385287
Malta,MLT,2000,4306192436,0.795,390087
Malta,MLT,2002,4689832690,0.804,395969
Malta,MLT,2004,6062780269,0.819,401268
Malta,MLT,2006,6757119558,0.832,405308
Malta,MLT,2008,8977149553,0.839,409379
Malta,MLT,2010,8741059603,0.853,414508
Malta,MLT,2012,9203729739,0.86,420028
Malta,MLT,2014,11217780149,0.874,434558
Malta,MLT,2016,10999047580,0.885,455356
Mauritania,MRT,1992,1464392416,0.41,2142645
Mauritania,MRT,1994,1315932645,0.435,2255520
Mauritania,MRT,1996,1442598431,0.451,2372900
Mauritania,MRT,1998,1375115534,0.459,2496217
Mauritania,MRT,2000,1293654175,0.464,2630217
Mauritania,MRT,2002,1324426607,0.467,2778097
Mauritania,MRT,2004,1833444740,0.482,2939246
Mauritania,MRT,2006,3040716679,0.496,3111908
Mauritania,MRT,2008,3978425881,0.494,3296237
Mauritania,MRT,2010,4343665075,0.505,3494200
Mauritania,MRT,2012,5225533500,0.517,3706555
Mauritania,MRT,2014,5391475277,0.531,3930894
Mauritania,MRT,2016,4739298730,0.542,4163532
Mauritius,MUS,1992,3224267548,0.637,1084441
Mauritius,MUS,1994,3558137040,0.647,1112846
Mauritius,MUS,1996,4421943910,0.656,1133996
Mauritius,MUS,1998,4169664285,0.667,1160421
Mauritius,MUS,2000,4582555125,0.678,1186873
Mauritius,MUS,2002,4767303154,0.692,1204621
Mauritius,MUS,2004,6385695187,0.708,1221003
Mauritius,MUS,2006,7028803366,0.724,1233996
Mauritius,MUS,2008,9990370016,0.738,1244121
Mauritius,MUS,2010,10003670690,0.751,1250400
Mauritius,MUS,2012,11668685524,0.771,1255882
Mauritius,MUS,2014,12803445934,0.789,1260934
Mauritius,MUS,2016,12168437744,0.794,1263473
Mexico,MEX,1992,3.64E+11,0.664,87075136
Mexico,MEX,1994,5.27E+11,0.675,90156396
Mexico,MEX,1996,3.97E+11,0.683,93147045
Mexico,MEX,1998,5.02E+11,0.695,96056313
Mexico,MEX,2000,6.84E+11,0.708,98899845
Mexico,MEX,2002,7.42E+11,0.718,101684764
Mexico,MEX,2004,7.7E+11,0.731,104514934
Mexico,MEX,2006,9.65E+11,0.745,107560155
Mexico,MEX,2008,1.1E+12,0.748,110815272
Mexico,MEX,2010,1.05E+12,0.748,114092961
Mexico,MEX,2012,1.19E+12,0.759,117274156
Mexico,MEX,2014,1.3E+12,0.761,120355137
Mexico,MEX,2016,1.05E+12,0.768,123333379
Micronesia,FSM,1992,178100000,0.587,101386
Micronesia,FSM,1994,202500000,0.586,106030
Micronesia,FSM,1996,218845700,0.586,108311
Micronesia,FSM,1998,219646200,0.586,108206
Micronesia,FSM,2000,233226300,0.546,107405
Micronesia,FSM,2002,241543400,0.559,107027
Micronesia,FSM,2004,240097000,0.57,106624
Micronesia,FSM,2006,253372300,0.583,105374
Micronesia,FSM,2008,262868600,0.593,103549
Micronesia,FSM,2010,296525300,0.601,102916
Micronesia,FSM,2012,326128700,0.605,104506
Micronesia,FSM,2014,317999400,0.604,107444
Micronesia,FSM,2016,329895600,0.614,110215
Moldova,MDA,1996,1695130457,0.634,2946401
Moldova,MDA,1998,1639497207,0.637,2934339
Moldova,MDA,2000,1288429151,0.643,2923783
Moldova,MDA,2002,1661818168,0.663,2910504
Moldova,MDA,2004,2598231467,0.684,2895147
Moldova,MDA,2006,3408272498,0.699,2880095
Moldova,MDA,2008,6054806101,0.71,2867964
Moldova,MDA,2010,5811604052,0.713,2861487
Moldova,MDA,2012,7284686576,0.726,2859458
Moldova,MDA,2014,7983271111,0.737,2856950
Moldova,MDA,2016,6749515655,0.738,2802170
Mongolia,MNG,1992,1317611864,0.56,2243495
Mongolia,MNG,1994,925817092,0.549,2280475
Mongolia,MNG,1996,1345719472,0.56,2316571
Mongolia,MNG,1998,1124440249,0.575,2355667
Mongolia,MNG,2000,1136896124,0.588,2397417
Mongolia,MNG,2002,1396555720,0.608,2443261
Mongolia,MNG,2004,1992066808,0.636,2496394
Mongolia,MNG,2006,3414055566,0.659,2558854
Mongolia,MNG,2008,5623216449,0.682,2631899
Mongolia,MNG,2010,7189481824,0.696,2719902
Mongolia,MNG,2012,12292770631,0.718,2824698
Mongolia,MNG,2014,12226514722,0.732,2940111
Mongolia,MNG,2016,11183458131,0.729,3056358
Montenegro,MNE,2000,984279598,0.802,604950
Montenegro,MNE,2002,1284446123,0.801,609828
Montenegro,MNE,2004,2073255525,0.801,613353
Montenegro,MNE,2006,2696020575,0.773,615025
Montenegro,MNE,2008,4545674528,0.794,616969
Montenegro,MNE,2010,4139192053,0.802,619428
Montenegro,MNE,2012,4087724528,0.807,620601
Montenegro,MNE,2014,4587928884,0.813,621810
Montenegro,MNE,2016,4374127212,0.818,622303
Morocco,MAR,1992,33711069431,0.467,25711410
Morocco,MAR,1994,35604137423,0.484,26584473
Morocco,MAR,1996,43161452678,0.498,27383472
Morocco,MAR,1998,41806219379,0.509,28110447
Morocco,MAR,2000,38857251336,0.529,28793672
Morocco,MAR,2002,42236836821,0.551,29454765
Morocco,MAR,2004,59626020162,0.572,30115196
Morocco,MAR,2006,68640825481,0.586,30804689
Morocco,MAR,2008,92507257784,0.602,31536807
Morocco,MAR,2010,93216746662,0.616,32343384
Morocco,MAR,2012,98266306615,0.635,33241898
Morocco,MAR,2014,1.1E+11,0.652,34192358
Morocco,MAR,2016,1.04E+11,0.667,35126274
Mozambique,MOZ,1992,2291175765,0.227,13805999
Mozambique,MOZ,1994,2460670288,0.241,14948050
Mozambique,MOZ,1996,3523842275,0.263,15960445
Mozambique,MOZ,1998,4873242526,0.287,16813946
Mozambique,MOZ,2000,5016469069,0.307,17711925
Mozambique,MOZ,2002,5031510909,0.327,18764147
Mozambique,MOZ,2004,6831808930,0.349,19910549
Mozambique,MOZ,2006,8312078525,0.366,21080108
Mozambique,MOZ,2008,11494837053,0.387,22276596
Mozambique,MOZ,2010,10154238250,0.401,23531567
Mozambique,MOZ,2012,14534278446,0.403,24862673
Mozambique,MOZ,2014,16961127046,0.425,26286192
Mozambique,MOZ,2016,11014858592,0.441,27829930
Myanmar,MMR,2000,8905066164,0.414,46719698
Myanmar,MMR,2002,6777632512,0.432,47702163
Myanmar,MMR,2004,10567354056,0.452,48564489
Myanmar,MMR,2006,14502553710,0.471,49301049
Myanmar,MMR,2008,31862554102,0.493,49929642
Myanmar,MMR,2010,49540813342,0.515,50600827
Myanmar,MMR,2012,59937797559,0.533,51413703
Myanmar,MMR,2014,65446402659,0.55,52280816
Myanmar,MMR,2016,63225097051,0.563,53045199
Namibia,NAM,1992,3448326858,0.587,1516951
Namibia,NAM,1994,3636645995,0.587,1591826
Namibia,NAM,1996,3945340776,0.573,1663378
Namibia,NAM,1998,3826527631,0.557,1731635
Namibia,NAM,2000,3908661518,0.544,1794583
Namibia,NAM,2002,3361251198,0.541,1851519
Namibia,NAM,2004,6606858786,0.545,1907737
Namibia,NAM,2006,7978734402,0.551,1971318
Namibia,NAM,2008,8486721917,0.567,2043382
Namibia,NAM,2010,11282192605,0.589,2118877
Namibia,NAM,2012,13016272899,0.613,2194777
Namibia,NAM,2014,12786078004,0.631,2273426
Namibia,NAM,2016,10947880690,0.639,2358044
Nepal,NPL,1992,3401211581,0.402,19938322
Nepal,NPL,1994,4066775510,0.414,21040899
Nepal,NPL,1996,4521580381,0.428,22090352
Nepal,NPL,1998,4856255044,0.44,23057875
Nepal,NPL,2000,5494252208,0.453,23941099
Nepal,NPL,2002,6050875807,0.464,24725625
Nepal,NPL,2004,7273938315,0.476,25419337
Nepal,NPL,2006,9043715356,0.493,26066687
Nepal,NPL,2008,12545438605,0.509,26666581
Nepal,NPL,2010,16002656434,0.537,27013207
Nepal,NPL,2012,18851513891,0.559,26989160
Nepal,NPL,2014,20002968838,0.576,26905982
Nepal,NPL,2016,21131983246,0.586,27263430
Netherlands,NLD,1992,3.58E+11,0.841,15184166
Netherlands,NLD,1994,3.74E+11,0.871,15382838
Netherlands,NLD,1996,4.46E+11,0.872,15530498
Netherlands,NLD,1998,4.32E+11,0.874,15707209
Netherlands,NLD,2000,4.13E+11,0.882,15925513
Netherlands,NLD,2002,4.65E+11,0.885,16148929
Netherlands,NLD,2004,6.51E+11,0.892,16281779
Netherlands,NLD,2006,7.27E+11,0.903,16346101
Netherlands,NLD,2008,9.36E+11,0.913,16445593
Netherlands,NLD,2010,8.36E+11,0.917,16615394
Netherlands,NLD,2012,8.29E+11,0.928,16754962
Netherlands,NLD,2014,8.8E+11,0.932,16865008
Netherlands,NLD,2016,7.77E+11,0.936,17030314
New Zealand,NZL,1992,41649298171,0.832,3531700
New Zealand,NZL,1994,55315342817,0.853,3620000
New Zealand,NZL,1996,70140835299,0.862,3732000
New Zealand,NZL,1998,56227169851,0.87,3815000
New Zealand,NZL,2000,52623281957,0.876,3857700
New Zealand,NZL,2002,66628222189,0.888,3948500
New Zealand,NZL,2004,1.04E+11,0.894,4087500
New Zealand,NZL,2006,1.12E+11,0.898,4184600
New Zealand,NZL,2008,1.33E+11,0.902,4259800
New Zealand,NZL,2010,1.47E+11,0.906,4350700
New Zealand,NZL,2012,1.76E+11,0.911,4408100
New Zealand,NZL,2014,2.01E+11,0.916,4516500
New Zealand,NZL,2016,1.85E+11,0.924,4714100
Nicaragua,NIC,1992,1792800000,0.513,4364514
Nicaragua,NIC,1994,3863185119,0.521,4559010
Nicaragua,NIC,1996,4308351903,0.541,4741571
Nicaragua,NIC,1998,4635267225,0.559,4910642
Nicaragua,NIC,2000,5107329007,0.577,5069310
Nicaragua,NIC,2002,5224213018,0.589,5219324
Nicaragua,NIC,2004,5795568205,0.597,5364930
Nicaragua,NIC,2006,6763671611,0.605,5513757
Nicaragua,NIC,2008,8496965842,0.616,5667436
Nicaragua,NIC,2010,8758622329,0.622,5824058
Nicaragua,NIC,2012,10532001130,0.633,5982530
Nicaragua,NIC,2014,11880438824,0.649,6142734
Nicaragua,NIC,2016,13230844687,0.657,6303970
Niger,NER,1992,2344987614,0.226,8566773
Niger,NER,1994,1563207225,0.235,9168316
Niger,NER,1996,1987770899,0.244,9826600
Niger,NER,1998,2076737357,0.255,10545720
Niger,NER,2000,1798374468,0.262,11331561
Niger,NER,2002,2170481509,0.273,12189988
Niger,NER,2004,3052898739,0.285,13125914
Niger,NER,2006,3646728060,0.3,14143969
Niger,NER,2008,5403363917,0.314,15250913
Niger,NER,2010,5718589799,0.331,16464025
Niger,NER,2012,6942209595,0.35,17795209
Niger,NER,2014,8229730067,0.365,19240182
Niger,NER,2016,7528387858,0.378,20788789
Nigeria,NGA,1992,29300903643,0.491,100161708
Nigeria,NGA,1994,18086400536,0.49,105293701
Nigeria,NGA,1996,34987951375,0.49,110668784
Nigeria,NGA,1998,32004613750,0.49,116319763
Nigeria,NGA,2000,46386011231,0.49,122283853
Nigeria,NGA,2002,59116847822,0.49,128596079
Nigeria,NGA,2004,87845420504,0.46,135320420
Nigeria,NGA,2006,1.45E+11,0.473,142538305
Nigeria,NGA,2008,2.08E+11,0.484,150269622
Nigeria,NGA,2010,3.69E+11,0.482,158503203
Nigeria,NGA,2012,4.61E+11,0.5,167228803
Nigeria,NGA,2014,5.68E+11,0.523,176404931
Nigeria,NGA,2016,4.05E+11,0.526,185960244
Norway,NOR,1992,1.31E+11,0.861,4286401
Norway,NOR,1994,1.27E+11,0.883,4336613
Norway,NOR,1996,1.64E+11,0.887,4381336
Norway,NOR,1998,1.54E+11,0.904,4431464
Norway,NOR,2000,1.71E+11,0.915,4490967
Norway,NOR,2002,1.95E+11,0.917,4538159
Norway,NOR,2004,2.64E+11,0.932,4591910
Norway,NOR,2006,3.45E+11,0.934,4660677
Norway,NOR,2008,4.63E+11,0.937,4768212
Norway,NOR,2010,4.29E+11,0.94,4889252
Norway,NOR,2012,5.1E+11,0.941,5018573
Norway,NOR,2014,4.99E+11,0.944,5137232
Norway,NOR,2016,3.71E+11,0.95,5234519
Oman,OMN,1992,12452275683,0.76,1983272
Oman,OMN,1994,12918855657,0.76,2148416
Oman,OMN,1996,15277763329,0.76,2236652
Oman,OMN,1998,14085373212,0.76,2251859
Oman,OMN,2000,19507412224,0.693,2267973
Oman,OMN,2002,20142782835,0.714,2334860
Oman,OMN,2004,24763589077,0.731,2445524
Oman,OMN,2006,37215864759,0.74,2580753
Oman,OMN,2008,60905331599,0.77,2750956
Oman,OMN,2010,58641621847,0.782,3041435
Oman,OMN,2012,76689583355,0.791,3498031
Oman,OMN,2014,81034395059,0.802,4027255
Oman,OMN,2016,66293368010,0.815,4479217
Pakistan,PAK,1992,48635176853,0.413,113911126
Pakistan,PAK,1994,51894781282,0.421,120362764
Pakistan,PAK,1996,63320122807,0.431,127349293
Pakistan,PAK,1998,62191955814,0.438,134843233
Pakistan,PAK,2000,73952374970,0.447,142343583
Pakistan,PAK,2002,72306820396,0.462,149549695
Pakistan,PAK,2004,97977766198,0.473,156664698
Pakistan,PAK,2006,1.37E+11,0.492,164022626
Pakistan,PAK,2008,1.7E+11,0.503,171648984
Pakistan,PAK,2010,1.77E+11,0.512,179424643
Pakistan,PAK,2012,2.24E+11,0.519,187280125
Pakistan,PAK,2014,2.44E+11,0.53,195305012
Pakistan,PAK,2016,2.79E+11,0.542,203631356
Palau,PLW,1992,82451000,0.783,15859
Palau,PLW,1994,83527000,0.782,16735
Palau,PLW,1996,108203000,0.782,17599
Palau,PLW,1998,117320000,0.782,18409
Palau,PLW,2000,147832600,0.744,19104
Palau,PLW,2002,161615200,0.751,19642
Palau,PLW,2004,173373900,0.758,19861
Palau,PLW,2006,193085900,0.774,19545
Palau,PLW,2008,196711500,0.781,18708
Palau,PLW,2010,183335100,0.786,17954
Palau,PLW,2012,215095100,0.795,17635
Palau,PLW,2014,246436300,0.825,17625
Palau,PLW,2016,310248300,0.822,17718
Panama,PAN,1992,8042337700,0.688,2575949
Panama,PAN,1994,9365289800,0.699,2684117
Panama,PAN,1996,9870494000,0.71,2796291
Panama,PAN,1998,11575486400,0.724,2912318
Panama,PAN,2000,12304115000,0.735,3030333
Panama,PAN,2002,12994310400,0.744,3149195
Panama,PAN,2004,15013381700,0.751,3269356
Panama,PAN,2006,18141666300,0.759,3391673
Panama,PAN,2008,24522200000,0.771,3516204
Panama,PAN,2010,28917200000,0.774,3642691
Panama,PAN,2012,39954761200,0.786,3770635
Panama,PAN,2014,49165773100,0.795,3901311
Panama,PAN,2016,55187700000,0.805,4037073
Papua New Guinea,PNG,1992,4377984100,0.398,4836216
Papua New Guinea,PNG,1994,5502648500,0.417,5065664
Papua New Guinea,PNG,1996,5155485420,0.433,5314258
Papua New Guinea,PNG,1998,3789428160,0.442,5581767
Papua New Guinea,PNG,2000,3521348155,0.45,5847590
Papua New Guinea,PNG,2002,2999511040,0.462,6098621
Papua New Guinea,PNG,2004,3927157867,0.473,6354247
Papua New Guinea,PNG,2006,8306343442,0.485,6646891
Papua New Guinea,PNG,2008,11670678864,0.503,6976200
Papua New Guinea,PNG,2010,14250726290,0.522,7310512
Papua New Guinea,PNG,2012,21295834133,0.52,7631003
Papua New Guinea,PNG,2014,23003575201,0.542,7946733
Papua New Guinea,PNG,2016,20213214172,0.549,8271766
Paraguay,PRY,1992,7157424031,0.608,4445019
Paraguay,PRY,1994,7870982171,0.62,4666096
Paraguay,PRY,1996,9788391733,0.632,4887638
Paraguay,PRY,1998,9024567484,0.641,5107840
Paraguay,PRY,2000,8195993231,0.643,5323202
Paraguay,PRY,2002,6325151760,0.662,5531958
Paraguay,PRY,2004,8033877360,0.667,5730556
Paraguay,PRY,2006,10646157920,0.67,5913212
Paraguay,PRY,2008,18504130753,0.684,6081296
Paraguay,PRY,2010,20030528043,0.696,6248017
Paraguay,PRY,2012,24595319574,0.701,6421510
Paraguay,PRY,2014,30881166852,0.715,6599524
Paraguay,PRY,2016,27424071383,0.722,6777878
Peru,PER,1992,36139225288,0.62,22966822
Peru,PER,1994,44882079767,0.636,23851405
Peru,PER,1996,55252414130,0.651,24753825
Peru,PER,1998,55501467877,0.667,25658070
Peru,PER,2000,51744749133,0.679,26459944
Peru,PER,2002,54777553515,0.688,27100964
Peru,PER,2004,66768703498,0.694,27624226
Peru,PER,2006,88643193062,0.697,28102055
Peru,PER,2008,1.21E+11,0.715,28562321
Peru,PER,2010,1.48E+11,0.721,29027680
Peru,PER,2012,1.93E+11,0.742,29506790
Peru,PER,2014,2.01E+11,0.76,30090372
Peru,PER,2016,1.92E+11,0.765,30926036
Philippines,PHL,1992,52976344929,0.598,65020124
Philippines,PHL,1994,64084460124,0.605,68180846
Philippines,PHL,1996,82848140618,0.617,71401743
Philippines,PHL,1998,72207025219,0.626,74672009
Philippines,PHL,2000,81026297144,0.632,77991757
Philippines,PHL,2002,81357602950,0.638,81365260
Philippines,PHL,2004,91371239765,0.652,84710544
Philippines,PHL,2006,1.22E+11,0.656,87888675
Philippines,PHL,2008,1.74E+11,0.666,90901967
Philippines,PHL,2010,2E+11,0.671,93966784
Philippines,PHL,2012,2.5E+11,0.684,97212639
Philippines,PHL,2014,2.85E+11,0.696,100513137
Philippines,PHL,2016,3.05E+11,0.704,103663812
Poland,POL,1992,94337050693,0.719,38363667
Poland,POL,1994,1.11E+11,0.739,38542652
Poland,POL,1996,1.6E+11,0.753,38624370
Poland,POL,1998,1.74E+11,0.774,38663481
Poland,POL,2000,1.72E+11,0.79,38258629
Poland,POL,2002,1.99E+11,0.804,38230364
Poland,POL,2004,2.55E+11,0.807,38182222
Poland,POL,2006,3.45E+11,0.819,38141267
Poland,POL,2008,5.34E+11,0.829,38125759
Poland,POL,2010,4.79E+11,0.84,38042794
Poland,POL,2012,5E+11,0.842,38063164
Poland,POL,2014,5.45E+11,0.858,38011735
Poland,POL,2016,4.71E+11,0.869,37970087
Portugal,PRT,1992,1.08E+11,0.739,9952494
Portugal,PRT,1994,99698453261,0.76,9991525
Portugal,PRT,1996,1.23E+11,0.774,10063945
Portugal,PRT,1998,1.24E+11,0.787,10160196
Portugal,PRT,2000,1.18E+11,0.792,10289898
Portugal,PRT,2002,1.34E+11,0.799,10419631
Portugal,PRT,2004,1.89E+11,0.809,10483861
Portugal,PRT,2006,2.09E+11,0.811,10522288
Portugal,PRT,2008,2.62E+11,0.817,10558177
Portugal,PRT,2010,2.38E+11,0.829,10573100
Portugal,PRT,2012,2.16E+11,0.836,10514844
Portugal,PRT,2014,2.3E+11,0.847,10401062
Portugal,PRT,2016,2.05E+11,0.855,10325452
Qatar,QAT,1992,7646153984,0.751,495403
Qatar,QAT,1994,7374450769,0.773,507044
Qatar,QAT,1996,9059340385,0.794,522531
Qatar,QAT,1998,10255495027,0.81,551566
Qatar,QAT,2000,17759890110,0.816,592467
Qatar,QAT,2002,19363736264,0.822,640872
Qatar,QAT,2004,31734065934,0.832,753332
Qatar,QAT,2006,60882142857,0.835,1022704
Qatar,QAT,2008,1.15E+11,0.843,1436670
Qatar,QAT,2010,1.25E+11,0.834,1856329
Qatar,QAT,2012,1.87E+11,0.854,2196078
Qatar,QAT,2014,2.06E+11,0.835,2459202
Qatar,QAT,2016,1.52E+11,0.845,2654379
Romania,ROU,1992,25121666667,0.686,22794284
Romania,ROU,1994,30074440483,0.688,22730211
Romania,ROU,1996,37182938696,0.702,22619004
Romania,ROU,1998,41976002704,0.705,22507344
Romania,ROU,2000,37438527800,0.716,22442971
Romania,ROU,2002,46174557556,0.731,21730496
Romania,ROU,2004,76216441462,0.753,21451748
Romania,ROU,2006,1.24E+11,0.774,21193760
Romania,ROU,2008,2.08E+11,0.803,20537875
Romania,ROU,2010,1.68E+11,0.805,20246871
Romania,ROU,2012,1.72E+11,0.803,20058035
Romania,ROU,2014,1.99E+11,0.811,19908979
Romania,ROU,2016,1.88E+11,0.82,19702267
Russia,RUS,1992,4.6E+11,0.72,148538197
Russia,RUS,1994,3.95E+11,0.703,148407912
Russia,RUS,1996,3.92E+11,0.703,148160129
Russia,RUS,1998,2.71E+11,0.705,147670784
Russia,RUS,2000,2.6E+11,0.722,146596869
Russia,RUS,2002,3.45E+11,0.734,145306497
Russia,RUS,2004,5.91E+11,0.748,144067316
Russia,RUS,2006,9.9E+11,0.76,143049637
Russia,RUS,2008,1.66E+12,0.775,142742366
Russia,RUS,2010,1.52E+12,0.781,142849468
Russia,RUS,2012,2.21E+12,0.798,143201721
Russia,RUS,2014,2.06E+12,0.807,143819667
Russia,RUS,2016,1.28E+12,0.815,144342397
Rwanda,RWA,1992,2029026704,0.202,6702239
Rwanda,RWA,1994,753636371,0.192,5936253
Rwanda,RWA,1996,1382334879,0.263,6013112
Rwanda,RWA,1998,1989343495,0.307,6962800
Rwanda,RWA,2000,1734938264,0.341,7933688
Rwanda,RWA,2002,1677447150,0.366,8427061
Rwanda,RWA,2004,2089188829,0.396,8680516
Rwanda,RWA,2006,3152016557,0.434,9043342
Rwanda,RWA,2008,4860576609,0.461,9524532
Rwanda,RWA,2010,5774003744,0.492,10039338
Rwanda,RWA,2012,7315702176,0.508,10549668
Rwanda,RWA,2014,8016288347,0.521,11083629
Rwanda,RWA,2016,8376048905,0.527,11668829
Samoa,WSM,1992,132303041,0.634,165490
Samoa,WSM,1994,221098107,0.618,168689
Samoa,WSM,1996,249908971,0.633,171165
Samoa,WSM,1998,269481523,0.641,172839
Samoa,WSM,2000,269019710,0.651,174454
Samoa,WSM,2002,288078881,0.659,176410
Samoa,WSM,2004,420320176,0.673,178597
Samoa,WSM,2006,508503671,0.68,180874
Samoa,WSM,2008,644132489,0.687,183270
Samoa,WSM,2010,643046733,0.698,185944
Samoa,WSM,2012,801168622,0.698,189089
Samoa,WSM,2014,803589512,0.703,192220
Samoa,WSM,2016,786356315,0.71,194540
Sao Tome and Principe,STP,2002,80531992,0.511,147450
Sao Tome and Principe,STP,2004,105360802,0.526,153736
Sao Tome and Principe,STP,2006,134441117,0.543,161676
Sao Tome and Principe,STP,2008,188021169,0.546,171122
Sao Tome and Principe,STP,2010,197454053,0.561,180372
Sao Tome and Principe,STP,2012,252560557,0.573,188394
Sao Tome and Principe,STP,2014,348899846,0.591,195727
Sao Tome and Principe,STP,2016,342781716,0.608,203221
Saudi Arabia,SAU,1992,1.37E+11,0.71,17282686
Saudi Arabia,SAU,1994,1.35E+11,0.718,18214475
Saudi Arabia,SAU,1996,1.59E+11,0.726,19033843
Saudi Arabia,SAU,1998,1.47E+11,0.736,19783301
Saudi Arabia,SAU,2000,1.9E+11,0.743,20663840
Saudi Arabia,SAU,2002,1.9E+11,0.748,21805322
Saudi Arabia,SAU,2004,2.59E+11,0.764,23132686
Saudi Arabia,SAU,2006,3.77E+11,0.777,24498313
Saudi Arabia,SAU,2008,5.2E+11,0.792,25888535
Saudi Arabia,SAU,2010,5.28E+11,0.809,27421468
Saudi Arabia,SAU,2012,7.36E+11,0.835,29154906
Saudi Arabia,SAU,2014,7.56E+11,0.852,30916603
Saudi Arabia,SAU,2016,6.46E+11,0.859,32443443
Senegal,SEN,1992,6004885321,0.377,7990090
Senegal,SEN,1994,3877196915,0.376,8461066
Senegal,SEN,1996,5065830414,0.379,8912872
Senegal,SEN,1998,5030344074,0.382,9347777
Senegal,SEN,2000,4679604754,0.39,9797731
Senegal,SEN,2002,5333862371,0.41,10283694
Senegal,SEN,2004,8031344381,0.426,10810086
Senegal,SEN,2006,9358710935,0.438,11382272
Senegal,SEN,2008,13439023281,0.457,12004700
Senegal,SEN,2010,12948906289,0.468,12678143
Senegal,SEN,2012,14225310519,0.487,13401990
Senegal,SEN,2014,15304363138,0.499,14174740
Senegal,SEN,2016,14683697631,0.509,14993514
Serbia,SRB,1996,20948677840,0.703,7617794
Serbia,SRB,1998,18284194680,0.713,7567745
Serbia,SRB,2000,6540247190,0.716,7516346
Serbia,SRB,2002,16116843146,0.726,7496522
Serbia,SRB,2004,24861483281,0.74,7463157
Serbia,SRB,2006,30607991862,0.754,7411569
Serbia,SRB,2008,49259526053,0.764,7350222
Serbia,SRB,2010,39460357731,0.766,7291436
Serbia,SRB,2012,40742313861,0.775,7199077
Serbia,SRB,2014,44210806366,0.784,7130576
Serbia,SRB,2016,38299854688,0.795,7058322
Seychelles,SYC,1992,433667194,0.746,70763
Seychelles,SYC,1994,486451205,0.745,74205
Seychelles,SYC,1996,503068472,0.745,76417
Seychelles,SYC,1998,608369282,0.745,78846
Seychelles,SYC,2000,614879765,0.714,81131
Seychelles,SYC,2002,697518248,0.711,83723
Seychelles,SYC,2004,839319927,0.716,82475
Seychelles,SYC,2006,1016418229,0.722,84600
Seychelles,SYC,2008,967199594,0.75,86956
Seychelles,SYC,2010,969936525,0.764,89770
Seychelles,SYC,2012,1134267367,0.755,88303
Seychelles,SYC,2014,1422530792,0.775,91359
Seychelles,SYC,2016,1427323889,0.787,94677
Sierra Leone,SLE,1992,679997998,0.278,4347727
Sierra Leone,SLE,1994,911915971,0.284,4309780
Sierra Leone,SLE,1996,941742153,0.282,4312660
Sierra Leone,SLE,1998,672375927,0.284,4381484
Sierra Leone,SLE,2000,635874002,0.295,4584570
Sierra Leone,SLE,2002,1239004288,0.326,4965770
Sierra Leone,SLE,2004,1431208677,0.345,5433995
Sierra Leone,SLE,2006,1885112202,0.362,5829240
Sierra Leone,SLE,2008,2505458705,0.386,6133599
Sierra Leone,SLE,2010,2616610911,0.399,6415636
Sierra Leone,SLE,2012,3801862611,0.421,6712586
Sierra Leone,SLE,2014,5015180977,0.438,7017153
Sierra Leone,SLE,2016,3736588554,0.431,7328846
Singapore,SGP,1992,52156414979,0.742,3230698
Singapore,SGP,1994,73777792327,0.764,3419048
Singapore,SGP,1996,96403758865,0.783,3670704
Singapore,SGP,1998,85707636233,0.799,3927213
Singapore,SGP,2000,95833932715,0.821,4027887
Singapore,SGP,2002,91941192896,0.833,4175950
Singapore,SGP,2004,1.14E+11,0.849,4166664
Singapore,SGP,2006,1.48E+11,0.881,4401365
Singapore,SGP,2008,1.92E+11,0.888,4839396
Singapore,SGP,2010,2.36E+11,0.909,5076732
Singapore,SGP,2012,2.89E+11,0.918,5312437
Singapore,SGP,2014,3.08E+11,0.926,5469724
Singapore,SGP,2016,2.97E+11,0.935,5607283
Slovakia,SVK,1992,15431288006,0.735,5305016
Slovakia,SVK,1994,20079363626,0.745,5346331
Slovakia,SVK,1996,27821913815,0.756,5373361
Slovakia,SVK,1998,29828899206,0.764,5390516
Slovakia,SVK,2000,29114875622,0.765,5388720
Slovakia,SVK,2002,35083608131,0.773,5376912
Slovakia,SVK,2004,57240535138,0.786,5372280
Slovakia,SVK,2006,70596729394,0.805,5373054
Slovakia,SVK,2008,1E+11,0.823,5379233
Slovakia,SVK,2010,89501012916,0.831,5391428
Slovakia,SVK,2012,93413992956,0.843,5407579
Slovakia,SVK,2014,1.01E+11,0.847,5418649
Slovakia,SVK,2016,89768598023,0.853,5430798
Slovenia,SVN,1996,21480023017,0.796,1988628
Slovenia,SVN,1998,22125435372,0.813,1981629
Slovenia,SVN,2000,20342201356,0.832,1988925
Slovenia,SVN,2002,23563576758,0.85,1994530
Slovenia,SVN,2004,34470227454,0.864,1997012
Slovenia,SVN,2006,39587732029,0.876,2006868
Slovenia,SVN,2008,55589849128,0.886,2021316
Slovenia,SVN,2010,48013606745,0.889,2048583
Slovenia,SVN,2012,46352802766,0.884,2057159
Slovenia,SVN,2014,49904928335,0.894,2061980
Slovenia,SVN,2016,44708598649,0.9,2065042
Solomon Islands,SLB,1992,378778047,0.522,330004
Solomon Islands,SLB,1994,464756639,0.521,349273
Solomon Islands,SLB,1996,565163751,0.521,369517
Solomon Islands,SLB,1998,471177008,0.521,390702
Solomon Islands,SLB,2000,435103854,0.475,412665
Solomon Islands,SLB,2002,341661644,0.486,435434
Solomon Islands,SLB,2004,375111895,0.5,458549
Solomon Islands,SLB,2006,456705434,0.519,481086
Solomon Islands,SLB,2008,608293860,0.524,503366
Solomon Islands,SLB,2010,671585343,0.537,527861
Solomon Islands,SLB,2012,1025125082,0.553,556066
Solomon Islands,SLB,2014,1156563123,0.559,587079
Solomon Islands,SLB,2016,1202125000,0.561,619438
South Africa,ZAF,1992,1.35E+11,0.642,38672611
South Africa,ZAF,1994,1.4E+11,0.65,40564061
South Africa,ZAF,1996,1.48E+11,0.65,42241007
South Africa,ZAF,1998,1.38E+11,0.64,43682259
South Africa,ZAF,2000,1.36E+11,0.631,44967713
South Africa,ZAF,2002,1.16E+11,0.619,46150913
South Africa,ZAF,2004,2.29E+11,0.619,47291610
South Africa,ZAF,2006,2.72E+11,0.626,48489464
South Africa,ZAF,2008,2.87E+11,0.646,49779472
South Africa,ZAF,2010,3.75E+11,0.664,51216967
South Africa,ZAF,2012,3.96E+11,0.675,52832659
South Africa,ZAF,2014,3.51E+11,0.693,54544184
South Africa,ZAF,2016,2.95E+11,0.703,56207649
South Korea,KOR,1992,3.5E+11,0.75,43747962
South Korea,KOR,1994,4.56E+11,0.772,44641540
South Korea,KOR,1996,5.98E+11,0.793,45524681
South Korea,KOR,1998,3.74E+11,0.802,46286503
South Korea,KOR,2000,5.62E+11,0.823,47008111
South Korea,KOR,2002,6.09E+11,0.837,47644736
South Korea,KOR,2004,7.65E+11,0.853,48082519
South Korea,KOR,2006,1.01E+12,0.868,48438292
South Korea,KOR,2008,1E+12,0.88,49054708
South Korea,KOR,2010,1.09E+12,0.889,49554112
South Korea,KOR,2012,1.22E+12,0.898,50199853
South Korea,KOR,2014,1.41E+12,0.904,50746659
South Korea,KOR,2016,1.41E+12,0.91,51217803
South Sudan,SSD,2008,15550136279,0.42,8736932
South Sudan,SSD,2010,15727363443,0.41,9508372
South Sudan,SSD,2012,10368813559,0.397,10113648
South Sudan,SSD,2014,13282084034,0.428,10554882
Spain,ESP,1992,6.29E+11,0.779,39157685
Spain,ESP,1994,5.29E+11,0.798,39549108
Spain,ESP,1996,6.41E+11,0.813,39889852
Spain,ESP,1998,6.17E+11,0.821,40223509
Spain,ESP,2000,5.95E+11,0.832,40567864
Spain,ESP,2002,7.05E+11,0.837,41431558
Spain,ESP,2004,1.07E+12,0.844,42921895
Spain,ESP,2006,1.26E+12,0.856,44397319
Spain,ESP,2008,1.64E+12,0.863,45954106
Spain,ESP,2010,1.43E+12,0.872,46576897
Spain,ESP,2012,1.34E+12,0.881,46773055
Spain,ESP,2014,1.38E+12,0.888,46480882
Spain,ESP,2016,1.24E+12,0.899,46484062
Sri Lanka,LKA,1992,9703011636,0.639,17736827
Sri Lanka,LKA,1994,11717604209,0.65,18094474
Sri Lanka,LKA,1996,13897738375,0.659,18367290
Sri Lanka,LKA,1998,15794972847,0.673,18564595
Sri Lanka,LKA,2000,16330814180,0.691,18777606
Sri Lanka,LKA,2002,16536535647,0.703,19062476
Sri Lanka,LKA,2004,20662525941,0.719,19387153
Sri Lanka,LKA,2006,28279814925,0.732,19695977
Sri Lanka,LKA,2008,40713812310,0.746,19983984
Sri Lanka,LKA,2010,56725745039,0.754,20261738
Sri Lanka,LKA,2012,68434399083,0.766,20425000
Sri Lanka,LKA,2014,79356456990,0.773,20778000
Sri Lanka,LKA,2016,81321876307,0.773,21203000
Sudan,SDN,1992,7034219713,0.344,21696240
Sudan,SDN,1994,12794192334,0.358,23338465
Sudan,SDN,1996,9018243044,0.374,24782384
Sudan,SDN,1998,11250327988,0.39,26015518
Sudan,SDN,2000,12257418326,0.403,27275019
Sudan,SDN,2002,14803189093,0.415,28704786
Sudan,SDN,2004,21457470203,0.43,30214189
Sudan,SDN,2006,35822408612,0.443,31661824
Sudan,SDN,2008,54526580232,0.461,33060844
Sudan,SDN,2010,65634109237,0.469,34545014
Sudan,SDN,2012,68125631150,0.486,36193781
Sudan,SDN,2014,82151588419,0.499,37977657
Sudan,SDN,2016,95584380032,0.507,39847433
Suriname,SUR,1992,404600000,0.713,420658
Suriname,SUR,1994,605492537,0.712,435099
Suriname,SUR,1996,860630923,0.712,448207
Suriname,SUR,1998,945000000,0.712,459838
Suriname,SUR,2000,892164394,0.712,470944
Suriname,SUR,2002,1078402128,0.712,482228
Suriname,SUR,2004,1484092538,0.682,493680
Suriname,SUR,2006,2626380435,0.691,505292
Suriname,SUR,2008,3532969035,0.701,517122
Suriname,SUR,2010,4368398048,0.71,529126
Suriname,SUR,2012,4980000000,0.729,541247
Suriname,SUR,2014,5240606061,0.735,553278
Suriname,SUR,2016,3278425328,0.735,564883
Sweden,SWE,1992,2.8E+11,0.826,8668067
Sweden,SWE,1994,2.26E+11,0.855,8780745
Sweden,SWE,1996,2.88E+11,0.869,8840998
Sweden,SWE,1998,2.67E+11,0.894,8850974
Sweden,SWE,2000,2.6E+11,0.903,8872109
Sweden,SWE,2002,2.64E+11,0.908,8924958
Sweden,SWE,2004,3.82E+11,0.901,8993531
Sweden,SWE,2006,4.2E+11,0.908,9080505
Sweden,SWE,2008,5.14E+11,0.907,9219637
Sweden,SWE,2010,4.88E+11,0.911,9378126
Sweden,SWE,2012,5.44E+11,0.914,9519374
Sweden,SWE,2014,5.74E+11,0.935,9696110
Sweden,SWE,2016,5.14E+11,0.94,9923085
Switzerland,CHE,1992,2.72E+11,0.845,6875364
Switzerland,CHE,1994,2.93E+11,0.852,6993795
Switzerland,CHE,1996,3.3E+11,0.863,7071850
Switzerland,CHE,1998,2.95E+11,0.882,7110001
Switzerland,CHE,2000,2.72E+11,0.898,7184250
Switzerland,CHE,2002,3.01E+11,0.899,7284753
Switzerland,CHE,2004,3.94E+11,0.909,7389625
Switzerland,CHE,2006,4.31E+11,0.92,7483934
Switzerland,CHE,2008,5.54E+11,0.925,7647675
Switzerland,CHE,2010,5.84E+11,0.941,7824909
Switzerland,CHE,2012,6.68E+11,0.944,7996861
Switzerland,CHE,2014,7.09E+11,0.942,8188649
Switzerland,CHE,2016,6.69E+11,0.947,8373338
Tajikistan,TJK,1992,1909246641,0.592,5502490
Tajikistan,TJK,1994,1346074611,0.556,5679169
Tajikistan,TJK,1996,1043893063,0.535,5851354
Tajikistan,TJK,1998,1320126706,0.544,6027395
Tajikistan,TJK,2000,860550306,0.555,6216329
Tajikistan,TJK,2002,1221113780,0.573,6426861
Tajikistan,TJK,2004,2076148696,0.6,6662391
Tajikistan,TJK,2006,2830236054,0.617,6922590
Tajikistan,TJK,2008,5161336170,0.639,7209924
Tajikistan,TJK,2010,5642178580,0.638,7527397
Tajikistan,TJK,2012,7633049792,0.643,7874838
Tajikistan,TJK,2014,9236309138,0.652,8252828
Tajikistan,TJK,2016,6951657159,0.653,8663575
Tanzania,TZA,1992,4601413264,0.367,26961204
Tanzania,TZA,1994,4510846968,0.366,28792649
Tanzania,TZA,1996,6496195451,0.369,30444523
Tanzania,TZA,1998,9345174219,0.377,31924201
Tanzania,TZA,2000,10185786383,0.39,33499177
Tanzania,TZA,2002,10805599893,0.407,35334790
Tanzania,TZA,2004,12825801581,0.426,37379766
Tanzania,TZA,2006,18610460327,0.447,39548666
Tanzania,TZA,2008,27368386358,0.465,41853944
Tanzania,TZA,2010,31407908612,0.481,44346532
Tanzania,TZA,2012,39087748240,0.496,47053033
Tanzania,TZA,2014,48197218327,0.504,49960563
Tanzania,TZA,2016,47340071107,0.52,53049231
Thailand,THA,1992,1.11E+11,0.592,57811025
Thailand,THA,1994,1.47E+11,0.607,58875275
Thailand,THA,1996,1.83E+11,0.622,60130190
Thailand,THA,1998,1.14E+11,0.633,61585103
Thailand,THA,2000,1.26E+11,0.652,62952639
Thailand,THA,2002,1.34E+11,0.669,64069093
Thailand,THA,2004,1.73E+11,0.686,64995303
Thailand,THA,2006,2.22E+11,0.697,65812540
Thailand,THA,2008,2.91E+11,0.718,66530980
Thailand,THA,2010,3.41E+11,0.724,67195032
Thailand,THA,2012,3.98E+11,0.737,67835969
Thailand,THA,2014,4.07E+11,0.742,68438748
Thailand,THA,2016,4.07E+11,0.756,68971313
Timor-Leste,TLS,2000,350391813,0.484,884366
Timor-Leste,TLS,2002,422917862,0.503,922699
Timor-Leste,TLS,2004,442875784,0.518,971889
Timor-Leste,TLS,2006,440024652,0.563,1016437
Timor-Leste,TLS,2008,659561789,0.616,1055428
Timor-Leste,TLS,2010,894400000,0.628,1093517
Timor-Leste,TLS,2012,1188900000,0.639,1133002
Timor-Leste,TLS,2014,1450600000,0.62,1174333
Timor-Leste,TLS,2016,1782974000,0.598,1219289
Togo,TGO,1992,1692959110,0.4,3945902
Togo,TGO,1994,982624325,0.397,4120615
Togo,TGO,1996,1465448290,0.418,4348808
Togo,TGO,1998,1587345951,0.425,4632451
Togo,TGO,2000,1294250233,0.427,4924406
Togo,TGO,2002,1474630207,0.433,5197040
Togo,TGO,2004,1937074572,0.439,5467770
Togo,TGO,2006,2202809251,0.444,5762881
Togo,TGO,2008,3163416242,0.447,6083417
Togo,TGO,2010,3172945645,0.466,6421674
Togo,TGO,2012,3866617463,0.482,6773807
Togo,TGO,2014,4482880424,0.493,7137997
Togo,TGO,2016,4399995987,0.502,7509952
Tonga,TON,1992,137066291,0.661,95398
Tonga,TON,1994,193775943,0.672,95739
Tonga,TON,1996,219583570,0.675,96267
Tonga,TON,1998,188686997,0.678,97036
Tonga,TON,2000,202363492,0.675,97962
Tonga,TON,2002,182737040,0.684,99023
Tonga,TON,2004,229358215,0.682,100214
Tonga,TON,2006,294137737,0.683,101714
Tonga,TON,2008,349484428,0.688,103384
Tonga,TON,2010,369485199,0.699,103981
Tonga,TON,2012,472358251,0.708,102736
Tonga,TON,2014,443911052,0.707,101023
Tonga,TON,2016,401562006,0.722,101143
Trinidad and Tobago,TTO,1992,5439552941,0.67,1236685
Trinidad and Tobago,TTO,1994,4947205860,0.676,1249527
Trinidad and Tobago,TTO,1996,5759537726,0.687,1257547
Trinidad and Tobago,TTO,1998,6043694330,0.694,1261699
Trinidad and Tobago,TTO,2000,8154338233,0.717,1267159
Trinidad and Tobago,TTO,2002,9008273721,0.726,1277210
Trinidad and Tobago,TTO,2004,13280275123,0.75,1290115
Trinidad and Tobago,TTO,2006,18369070085,0.763,1302552
Trinidad and Tobago,TTO,2008,27870257894,0.778,1314449
Trinidad and Tobago,TTO,2010,22157948396,0.784,1328144
Trinidad and Tobago,TTO,2012,25694164489,0.78,1344814
Trinidad and Tobago,TTO,2014,26175952942,0.785,1362337
Trinidad and Tobago,TTO,2016,21894706041,0.792,1377563
Tunisia,TUN,1992,15497286296,0.581,8613855
Tunisia,TUN,1994,15632463424,0.598,8967916
Tunisia,TUN,1996,19587322786,0.614,9267335
Tunisia,TUN,1998,21803372267,0.632,9509862
Tunisia,TUN,2000,21473188882,0.651,9708347
Tunisia,TUN,2002,23142294436,0.664,9871261
Tunisia,TUN,2004,31183139301,0.681,10022278
Tunisia,TUN,2006,34378437265,0.694,10201211
Tunisia,TUN,2008,44856586316,0.707,10414425
Tunisia,TUN,2010,44050929160,0.716,10635245
Tunisia,TUN,2012,45044112939,0.72,10846993
Tunisia,TUN,2014,47587913059,0.726,11063195
Tunisia,TUN,2016,42062549395,0.731,11303942
Turkey,TUR,1992,1.58E+11,0.594,55748946
Turkey,TUR,1994,1.31E+11,0.603,57564209
Turkey,TUR,1996,1.81E+11,0.62,59423278
Turkey,TUR,1998,2.76E+11,0.64,61329665
Turkey,TUR,2000,2.73E+11,0.66,63240196
Turkey,TUR,2002,2.38E+11,0.677,65145357
Turkey,TUR,2004,4.05E+11,0.69,67010930
Turkey,TUR,2006,5.52E+11,0.704,68756809
Turkey,TUR,2008,7.64E+11,0.714,70418612
Turkey,TUR,2010,7.72E+11,0.739,72326992
Turkey,TUR,2012,8.74E+11,0.765,74651046
Turkey,TUR,2014,9.34E+11,0.796,77229262
Turkey,TUR,2016,8.64E+11,0.808,79827868
Turkmenistan,TKM,1992,3200539816,0.684,3899843
Turkmenistan,TKM,1994,2561118608,0.683,4115105
Turkmenistan,TKM,1996,2379281768,0.683,4287337
Turkmenistan,TKM,1998,2605688065,0.683,4413477
Turkmenistan,TKM,2000,2904662605,0.683,4516128
Turkmenistan,TKM,2002,4462028989,0.683,4610018
Turkmenistan,TKM,2004,6838351088,0.683,4703396
Turkmenistan,TKM,2006,10277598152,0.683,4810114
Turkmenistan,TKM,2008,19271523179,0.683,4935765
Turkmenistan,TKM,2010,22583157895,0.666,5087211
Turkmenistan,TKM,2012,35164210526,0.679,5267906
Turkmenistan,TKM,2014,43524210526,0.689,5466324
Turkmenistan,TKM,2016,36179885714,0.699,5662371
Uganda,UGA,1992,2857457860,0.313,18561668
Uganda,UGA,1994,3990430447,0.322,19793541
Uganda,UGA,1996,6044585327,0.344,21032817
Uganda,UGA,1998,6584815847,0.373,22290787
Uganda,UGA,2000,6193246837,0.404,23650159
Uganda,UGA,2002,6178563591,0.427,25167261
Uganda,UGA,2004,7940362799,0.436,26821300
Uganda,UGA,2006,9942597780,0.456,28571475
Uganda,UGA,2008,14239026630,0.479,30431734
Uganda,UGA,2010,20186496527,0.498,32428164
Uganda,UGA,2012,23132149257,0.507,34558700
Uganda,UGA,2014,27295207928,0.519,36911530
Uganda,UGA,2016,24078931933,0.529,39649173
Ukraine,UKR,1992,73942235330,0.713,52150400
Ukraine,UKR,1994,52549555149,0.69,51921400
Ukraine,UKR,1996,44558077827,0.684,51057800
Ukraine,UKR,1998,41883241472,0.688,50144500
Ukraine,UKR,2000,31261527363,0.694,49176500
Ukraine,UKR,2002,42392896031,0.717,48202470
Ukraine,UKR,2004,64883060726,0.732,47451626
Ukraine,UKR,2006,1.08E+11,0.744,46787786
Ukraine,UKR,2008,1.8E+11,0.755,46258189
Ukraine,UKR,2010,1.36E+11,0.755,45870741
Ukraine,UKR,2012,1.76E+11,0.764,45593342
Ukraine,UKR,2014,1.34E+11,0.771,45272155
Ukraine,UKR,2016,93270479389,0.768,45004673
United Arab Emirates,ARE,1992,54239171888,0.738,2052892
United Arab Emirates,ARE,1994,59305093980,0.755,2294377
United Arab Emirates,ARE,1996,73571233996,0.765,2539121
United Arab Emirates,ARE,1998,75674336283,0.769,2813214
United Arab Emirates,ARE,2000,1.04E+11,0.782,3134067
United Arab Emirates,ARE,2002,1.1E+11,0.792,3478769
United Arab Emirates,ARE,2004,1.48E+11,0.803,4068577
United Arab Emirates,ARE,2006,2.22E+11,0.814,5300172
United Arab Emirates,ARE,2008,3.15E+11,0.821,7089486
United Arab Emirates,ARE,2010,2.9E+11,0.82,8549998
United Arab Emirates,ARE,2012,3.75E+11,0.832,9141598
United Arab Emirates,ARE,2014,4.03E+11,0.847,9214182
United Arab Emirates,ARE,2016,3.49E+11,0.864,9360975
United States,USA,1992,6.54E+12,0.905,256514000
United States,USA,1994,7.31E+12,0.88,263126000
United States,USA,1996,8.1E+12,0.884,269394000
United States,USA,1998,9.09E+12,0.889,275854000
United States,USA,2000,1.03E+13,0.886,282162411
United States,USA,2002,1.1E+13,0.891,287625193
United States,USA,2004,1.23E+13,0.897,292805298
United States,USA,2006,1.39E+13,0.903,298379912
United States,USA,2008,1.47E+13,0.911,304093966
United States,USA,2010,1.5E+13,0.916,309327143
United States,USA,2012,1.62E+13,0.92,313877662
United States,USA,2014,1.74E+13,0.92,318386329
United States,USA,2016,1.86E+13,0.922,323071755
Uruguay,URY,1992,12878157306,0.702,3154459
Uruguay,URY,1994,17474578502,0.711,3201149
Uruguay,URY,1996,20515465834,0.718,3247383
Uruguay,URY,1998,25385928198,0.737,3291053
Uruguay,URY,2000,22823255802,0.743,3319734
Uruguay,URY,2002,13606494599,0.749,3326046
Uruguay,URY,2004,13686329890,0.755,3321486
Uruguay,URY,2006,19579457966,0.763,3325403
Uruguay,URY,2008,30366213095,0.769,3340221
Uruguay,URY,2010,40284481662,0.782,3359273
Uruguay,URY,2012,51264390121,0.793,3378975
Uruguay,URY,2014,57236013078,0.803,3400439
Uruguay,URY,2016,52419720714,0.81,3424139
Uzbekistan,UZB,1992,12941297376,0.654,21449000
Uzbekistan,UZB,1994,12899156991,0.654,22377000
Uzbekistan,UZB,1996,13948892216,0.654,23225000
Uzbekistan,UZB,1998,14988971211,0.654,24051000
Uzbekistan,UZB,2000,13760374488,0.599,24650400
Uzbekistan,UZB,2002,9687951055,0.614,25271850
Uzbekistan,UZB,2004,12030023548,0.626,25864350
Uzbekistan,UZB,2006,17330833853,0.637,26488250
Uzbekistan,UZB,2008,29549438884,0.653,27302800
Uzbekistan,UZB,2010,39332770929,0.669,28562400
Uzbekistan,UZB,2012,51821573338,0.685,29774500
Uzbekistan,UZB,2014,63067077179,0.696,30757700
Uzbekistan,UZB,2016,67220335570,0.705,31847900
Vanuatu,VUT,1992,196142585,0.589,155176
Vanuatu,VUT,1994,219260341,0.589,164128
Vanuatu,VUT,1996,245177633,0.589,171721
Vanuatu,VUT,1998,262301253,0.589,177987
Vanuatu,VUT,2000,272014693,0.589,184964
Vanuatu,VUT,2002,262603782,0.589,193927
Vanuatu,VUT,2004,364996869,0.589,204123
Vanuatu,VUT,2006,439376794,0.58,214379
Vanuatu,VUT,2008,607958616,0.589,224700
Vanuatu,VUT,2010,700804286,0.59,236216
Vanuatu,VUT,2012,781702874,0.591,249505
Vanuatu,VUT,2014,814954307,0.594,263888
Vanuatu,VUT,2016,773502896,0.598,278326
Venezuela,VEN,1992,58450099415,0.66,20557694
Venezuela,VEN,1994,56531046465,0.662,21474553
Venezuela,VEN,1996,68263823149,0.668,22385650
Venezuela,VEN,1998,91331203433,0.672,23288567
Venezuela,VEN,2000,1.17E+11,0.676,24192449
Venezuela,VEN,2002,92893587734,0.692,25100407
Venezuela,VEN,2004,1.12E+11,0.704,25996594
Venezuela,VEN,2006,1.83E+11,0.731,26850190
Venezuela,VEN,2008,3.16E+11,0.757,27635827
Venezuela,VEN,2010,3.93E+11,0.757,28439942
Venezuela,VEN,2012,3.81E+11,0.772,29360827
Venezuela,VEN,2014,4.82E+11,0.775,30042973
Vietnam,VNM,1992,9866990236,0.504,70883488
Vietnam,VNM,1994,16286433533,0.525,73651220
Vietnam,VNM,1996,24657470575,0.548,76068739
Vietnam,VNM,1998,27209602050,0.567,78115712
Vietnam,VNM,2000,31172518403,0.586,79910411
Vietnam,VNM,2002,35064105501,0.602,81534406
Vietnam,VNM,2004,45427854693,0.62,83062819
Vietnam,VNM,2006,66371664817,0.632,84617545
Vietnam,VNM,2008,99130304099,0.647,86243424
Vietnam,VNM,2010,1.16E+11,0.661,87967655
Vietnam,VNM,2012,1.56E+11,0.676,89801926
Vietnam,VNM,2014,1.86E+11,0.683,91713850
Vietnam,VNM,2016,2.05E+11,0.693,93640435
Yemen,YEM,1992,6463649985,0.404,12954157
Yemen,YEM,1994,4167356037,0.408,14297617
Yemen,YEM,1996,5785685311,0.421,15469274
Yemen,YEM,1998,6325219773,0.431,16450306
Yemen,YEM,2000,9636342275,0.444,17409071
Yemen,YEM,2002,10693278292,0.461,18443684
Yemen,YEM,2004,13873500888,0.477,19540096
Yemen,YEM,2006,19081722875,0.488,20687648
Yemen,YEM,2008,26910851362,0.495,21892149
Yemen,YEM,2010,30906749533,0.506,23154854
Yemen,YEM,2012,35393148127,0.504,24473176
Yemen,YEM,2014,43228583935,0.502,25823488
Yemen,YEM,2016,27317605346,0.474,27168210
Zambia,ZMB,1992,3181921788,0.416,8451346
Zambia,ZMB,1994,3656647744,0.414,8869745
Zambia,ZMB,1996,3597220962,0.416,9339740
Zambia,ZMB,1998,3537683046,0.416,9866474
Zambia,ZMB,2000,3600683040,0.425,10415942
Zambia,ZMB,2002,4193845678,0.441,10971704
Zambia,ZMB,2004,6221077675,0.46,11550641
Zambia,ZMB,2006,12756858899,0.482,12173518
Zambia,ZMB,2008,17910858638,0.503,12848531
Zambia,ZMB,2010,20265556274,0.527,13605986
Zambia,ZMB,2012,25503370699,0.549,14465148
Zambia,ZMB,2014,27150630607,0.561,15399793
Zambia,ZMB,2016,21063989683,0.571,16363449
Zimbabwe,ZWE,1992,6751472200,0.467,10900511
Zimbabwe,ZWE,1994,6890675000,0.46,11261752
Zimbabwe,ZWE,1996,8553146600,0.453,11541215
Zimbabwe,ZWE,1998,6401968200,0.442,11747079
Zimbabwe,ZWE,2000,6689957600,0.43,11881482
Zimbabwe,ZWE,2002,6342116400,0.423,11954293
Zimbabwe,ZWE,2004,5805598400,0.411,12019911
Zimbabwe,ZWE,2006,5443896500,0.414,12155496
Zimbabwe,ZWE,2008,4415702800,0.422,12379553
Zimbabwe,ZWE,2010,10141859710,0.482,12697728
Zimbabwe,ZWE,2012,14242490252,0.525,13115149
Zimbabwe,ZWE,2014,15891049236,0.547,13586710
Zimbabwe,ZWE,2016,16619960402,0.558,14030338
