,Country Name,Country Code,1992,1993,1994,1995,1996,1997,1998,1999,2000,2001,2002,2003,2004,2005,2006,2007,2008,2009,2010,2011,2012,2013,2014,2015,2016
1,Afghanistan,AFG,"14,485,543","15,816,601","17,075,728","18,110,662","18,853,444","19,357,126","19,737,770","20,170,847","20,779,957","21,606,992","22,600,774","23,680,871","24,726,689","25,654,274","26,433,058","27,100,542","27,722,281","28,394,806","29,185,511","30,117,411","31,161,378","32,269,592","33,370,804","34,413,603","35,383,028"
3,Albania,ALB,"3,247,039","3,227,287","3,207,536","3,187,784","3,168,033","3,148,281","3,128,530","3,108,778","3,089,027","3,060,173","3,051,010","3,039,616","3,026,939","3,011,487","2,992,547","2,970,017","2,947,314","2,927,519","2,913,021","2,905,195","2,900,401","2,895,092","2,889,104","2,880,703","2,876,101"
55,Algeria,DZA,"27,028,330","27,635,517","28,213,777","28,757,788","29,266,415","29,742,980","30,192,750","30,623,406","31,042,238","31,451,513","31,855,110","32,264,159","32,692,153","33,149,720","33,641,007","34,166,976","34,730,604","35,333,882","35,977,451","36,661,438","37,383,899","38,140,135","38,923,688","39,728,020","40,551,398"
8,American Samoa,ASM,"49,900","51,025","52,099","53,158","54,209","55,227","56,180","57,049","57,816","58,496","59,077","59,495","59,684","59,557","59,109","58,367","57,490","56,675","56,084","55,755","55,669","55,717","55,791","55,806","55,739"
4,Andorra,AND,"58,882","60,974","62,676","63,860","64,363","64,318","64,140","64,368","65,390","67,344","70,048","73,180","76,250","78,871","80,995","82,682","83,860","84,461","84,454","83,748","82,427","80,770","79,213","77,993","77,295"
2,Angola,AGO,"12,657,361","13,075,044","13,503,753","13,945,205","14,400,722","14,871,572","15,359,600","15,866,871","16,395,477","16,945,753","17,519,418","18,121,477","18,758,138","19,433,604","20,149,905","20,905,360","21,695,636","22,514,275","23,356,247","24,220,660","25,107,925","26,015,786","26,941,773","27,884,380","28,842,482"
9,Antigua and Barbuda,ATG,"64,459","65,777","67,201","68,672","70,176","71,707","73,219","74,674","76,007","77,212","78,298","79,311","80,347","81,462","82,715","84,029","85,394","86,743","88,030","89,250","90,407","91,510","92,562","93,571","94,520"
6,Argentina,ARG,"33,529,320","33,970,103","34,402,669","34,828,168","35,246,376","35,657,438","36,063,451","36,467,218","36,870,796","37,275,644","37,681,743","38,087,866","38,491,970","38,892,924","39,289,876","39,684,303","40,080,159","40,482,786","40,788,453","41,261,490","41,733,271","42,202,935","42,669,500","43,131,966","43,590,368"
7,Armenia,ARM,"3,442,820","3,363,111","3,283,664","3,217,349","3,168,213","3,133,081","3,108,691","3,089,020","3,069,597","3,050,686","3,033,976","3,017,938","3,000,715","2,981,262","2,958,301","2,932,615","2,907,615","2,888,094","2,877,314","2,876,536","2,884,239","2,897,593","2,912,403","2,925,559","2,936,147"
0,Aruba,ABW,"68,240","72,495","76,705","80,324","83,211","85,450","87,280","89,009","90,866","92,892","94,992","97,016","98,744","100,028","100,830","101,226","101,362","101,452","101,665","102,050","102,565","103,165","103,776","104,339","104,865"
10,Australia,AUS,"17,495,000","17,667,000","17,855,000","18,072,000","18,311,000","18,517,000","18,711,000","18,926,000","19,153,000","19,413,000","19,651,400","19,895,400","20,127,400","20,394,800","20,697,900","20,827,600","21,249,200","21,691,700","22,031,750","22,340,024","22,733,465","23,128,129","23,475,686","23,815,995","24,190,907"
11,Austria,AUT,"7,840,709","7,905,633","7,936,118","7,948,278","7,959,017","7,968,041","7,976,789","7,992,324","8,011,566","8,042,293","8,081,957","8,121,423","8,171,966","8,227,829","8,268,641","8,295,487","8,321,496","8,343,323","8,363,404","8,391,643","8,429,991","8,479,823","8,546,356","8,642,699","8,736,668"
12,Azerbaijan,AZE,"7,382,050","7,494,800","7,596,550","7,684,850","7,763,000","7,838,250","7,913,000","7,982,750","8,048,600","8,111,200","8,171,950","8,234,100","8,306,500","8,391,850","8,484,550","8,581,300","8,763,400","8,947,243","9,054,332","9,173,082","9,295,784","9,416,801","9,535,079","9,649,341","9,757,812"
20,Bahamas,BHS,"266,028","271,065","275,849","280,179","283,980","287,363","290,600","294,063","298,045","302,618","307,657","313,123","318,893","324,848","331,032","337,387","343,680","349,600","354,936","359,583","363,581","367,162","370,625","374,200","377,923"
19,Bahrain,BHR,"523,082","536,212","549,590","563,698","578,661","594,927","613,697","636,540","664,610","697,550","735,140","778,708","829,846","889,157","958,423","1,035,924","1,114,645","1,185,075","1,240,864","1,278,153","1,299,942","1,315,029","1,336,073","1,371,853","1,425,793"
17,Bangladesh,BGD,"107,983,708","110,350,641","112,737,684","115,169,933","117,649,927","120,160,571","122,682,818","125,189,655","127,657,862","130,088,709","132,478,077","134,791,598","136,986,429","139,035,505","140,921,154","142,660,381","144,304,164","145,924,795","147,575,433","149,273,134","151,005,733","152,761,413","154,517,385","156,256,287","157,977,151"
27,Barbados,BRB,"262,890","263,869","264,893","265,955","267,047","268,183","269,334","270,455","271,511","272,494","273,423","274,331","275,283","276,320","277,475","278,701","279,946","281,107","282,131","282,987","283,698","284,294","284,825","285,327","285,798"
22,Belarus,BLR,"10,216,470","10,239,050","10,226,955","10,193,831","10,159,569","10,117,433","10,071,963","10,026,738","9,979,610","9,928,549","9,865,548","9,796,749","9,730,146","9,663,915","9,604,924","9,560,953","9,527,985","9,504,583","9,483,836","9,461,643","9,446,836","9,443,211","9,448,515","9,461,076","9,469,379"
14,Belgium,BEL,"10,045,158","10,084,475","10,115,603","10,136,811","10,156,637","10,181,245","10,203,008","10,226,419","10,251,250","10,286,570","10,332,785","10,376,133","10,421,137","10,478,617","10,547,958","10,625,700","10,709,973","10,796,493","10,895,586","11,038,264","11,106,932","11,159,407","11,209,057","11,274,196","11,331,422"
23,Belize,BLZ,"194,324","197,625","201,679","206,962","213,660","221,575","230,248","238,979","247,310","255,068","262,387","269,428","276,516","283,798","291,338","299,031","306,822","314,655","322,465","330,236","338,001","345,707","353,366","360,926","368,399"
15,Benin,BEN,"5,331,805","5,521,761","5,714,215","5,905,552","6,094,272","6,281,644","6,470,275","6,664,102","6,865,946","7,076,728","7,295,400","7,520,556","7,750,003","7,982,223","8,216,893","8,454,790","8,696,915","8,944,713","9,199,254","9,460,829","9,729,254","10,004,594","10,286,839","10,575,962","10,872,072"
24,Bermuda,BMU,"58,595","58,910","59,320","59,746","60,129","60,497","60,943","61,285","61,833","62,504","62,912","63,325","63,740","64,154","64,523","64,888","65,273","65,636","65,124","64,564","64,798","65,001","65,138","65,237","64,554"
29,Bhutan,BTN,"534,525","532,590","531,905","534,629","541,471","551,713","564,378","577,886","591,014","603,643","616,025","627,840","638,809","648,744","657,404","664,873","671,611","678,329","685,502","693,297","701,582","710,235","719,053","727,885","736,706"
25,Bolivia,BOL,"7,160,917","7,312,857","7,466,792","7,622,334","7,779,268","7,937,453","8,096,761","8,257,066","8,418,270","8,580,244","8,742,822","8,905,820","9,069,044","9,232,301","9,395,449","9,558,438","9,721,457","9,884,790","10,048,597","10,212,951","10,377,677","10,542,375","10,706,517","10,869,732","11,031,822"
21,Bosnia and Herzegovina,BIH,"4,233,673","4,078,940","3,936,527","3,829,049","3,764,419","3,736,070","3,734,338","3,743,353","3,751,176","3,755,514","3,759,389","3,762,179","3,764,194","3,765,332","3,765,422","3,762,791","3,754,261","3,735,945","3,705,478","3,661,173","3,604,972","3,542,598","3,482,106","3,429,362","3,386,263"
30,Botswana,BWA,"1,363,541","1,399,110","1,434,061","1,469,173","1,504,724","1,540,424","1,575,827","1,610,260","1,643,333","1,674,674","1,704,637","1,734,387","1,765,533","1,799,077","1,835,911","1,875,458","1,915,636","1,953,495","1,987,106","2,015,406","2,039,551","2,062,551","2,088,619","2,120,716","2,159,925"
26,Brazil,BRA,"154,259,382","156,849,086","159,432,717","162,019,889","164,614,682","167,209,046","169,785,253","172,318,674","174,790,339","177,196,051","179,537,523","181,809,244","184,006,479","186,127,108","188,167,353","190,130,445","192,030,362","193,886,505","195,713,637","197,514,541","199,287,292","201,035,904","202,763,744","204,471,759","206,163,056"
207,British Virgin Islands,VGB,"18,443","18,783","19,068","19,307","19,508","19,660","19,820","20,026","20,313","20,675","21,128","21,674","22,329","23,106","24,022","25,050","26,096","27,035","27,796","28,326","28,654","28,850","28,985","29,148","29,355"
28,Brunei,BRN,"273,888","281,684","289,452","297,112","304,620","311,962","319,135","326,214","333,166","340,037","346,777","353,295","359,434","365,112","370,262","374,967","379,418","383,902","388,634","393,687","398,997","404,414","409,778","414,914","419,791"
18,Bulgaria,BGR,"8,540,164","8,472,313","8,443,591","8,406,067","8,362,826","8,312,068","8,256,786","8,210,624","8,170,172","8,009,142","7,837,161","7,775,327","7,716,860","7,658,972","7,601,022","7,545,338","7,492,561","7,444,443","7,395,599","7,348,328","7,305,888","7,265,115","7,223,938","7,177,991","7,127,822"
16,Burkina Faso,BFA,"9,297,110","9,552,473","9,816,584","10,089,880","10,372,734","10,665,552","10,968,722","11,282,696","11,607,951","11,944,589","12,293,097","12,654,624","13,030,576","13,421,935","13,829,173","14,252,029","14,689,725","15,141,098","15,605,211","16,081,915","16,571,252","17,072,791","17,586,029","18,110,616","18,646,350"
13,Burundi,BDI,"5,685,569","5,798,054","5,898,964","5,987,044","6,060,110","6,122,130","6,185,564","6,267,132","6,378,871","6,525,546","6,704,118","6,909,161","7,131,688","7,364,857","7,607,850","7,862,226","8,126,104","8,397,661","8,675,606","8,958,406","9,245,992","9,540,302","9,844,301","10,160,034","10,488,002"
43,Cabo Verde,CPV,"355,763","366,057","376,409","386,288","395,533","404,248","412,513","420,456","428,178","435,701","442,955","449,925","456,619","463,034","469,171","475,067","480,846","486,667","492,644","498,858","505,241","511,740","518,276","524,740","531,140"
103,Cambodia,KHM,"9,623,899","9,970,727","10,317,901","10,656,145","10,982,919","11,298,594","11,600,510","11,886,464","12,155,241","12,405,411","12,637,719","12,856,171","13,066,475","13,273,355","13,477,705","13,679,953","13,883,835","14,093,605","14,312,205","14,541,421","14,780,454","15,026,330","15,274,506","15,521,435","15,766,290"
38,Cameroon,CMR,"12,499,499","12,864,091","13,230,978","13,599,984","13,970,812","14,344,444","14,723,772","15,112,598","15,513,944","15,928,910","16,357,605","16,800,869","17,259,322","17,733,408","18,223,677","18,730,283","19,252,674","19,789,922","20,341,236","20,906,392","21,485,267","22,077,300","22,681,853","23,298,376","23,926,549"
32,Canada,CAN,"28,371,264","28,684,764","29,000,663","29,302,311","29,610,218","29,905,948","30,155,173","30,401,286","30,685,730","31,020,902","31,360,079","31,644,028","31,940,655","32,243,753","32,571,174","32,889,025","33,247,118","33,628,895","34,004,889","34,339,328","34,714,222","35,082,954","35,437,435","35,702,908","36,109,487"
47,Cayman Islands,CYM,"27,784","29,068","30,521","32,161","34,065","36,155","38,330","40,423","42,305","43,934","45,347","46,624","47,899","49,261","50,729","52,280","53,835","55,321","56,672","57,877","58,963","59,933","60,848","61,721","62,564"
31,Central African Republic,CAF,"2,959,236","3,046,148","3,135,017","3,222,662","3,308,235","3,392,432","3,475,485","3,558,019","3,640,421","3,722,016","3,802,129","3,881,185","3,959,883","4,038,380","4,118,075","4,198,004","4,273,368","4,337,623","4,386,765","4,418,639","4,436,411","4,447,945","4,464,171","4,493,171","4,537,683"
188,Chad,TCD,"6,356,741","6,563,925","6,781,057","7,010,159","7,250,974","7,503,494","7,770,053","8,053,532","8,355,654","8,678,049","9,019,226","9,373,913","9,734,761","10,096,630","10,457,122","10,818,031","11,183,589","11,560,142","11,952,134","12,360,986","12,784,748","13,220,433","13,663,562","14,110,971","14,561,658"
34,Channel Islands,CHI,"142,006","142,407","142,867","143,480","144,348","145,387","146,500","147,553","148,439","149,097","149,591","150,070","150,722","151,674","152,999","154,644","156,441","158,187","159,718","160,990","162,051","163,039","164,107","165,387","166,922"
35,Chile,CHL,"13,719,818","13,944,934","14,166,346","14,380,864","14,587,367","14,786,227","14,977,736","15,162,801","15,342,350","15,516,112","15,684,413","15,849,649","16,014,972","16,182,713","16,354,507","16,530,201","16,708,255","16,886,184","17,062,531","17,233,584","17,400,359","17,571,511","17,758,969","17,969,356","18,209,072"
36,China,CHN,"1,164,970,000","1,178,440,000","1,191,835,000","1,204,855,000","1,217,550,000","1,230,075,000","1,241,935,000","1,252,735,000","1,262,645,000","1,271,850,000","1,280,400,000","1,288,400,000","1,296,075,000","1,303,720,000","1,311,020,000","1,317,885,000","1,324,655,000","1,331,260,000","1,337,705,000","1,345,035,000","1,354,190,000","1,363,240,000","1,371,860,000","1,379,860,000","1,387,790,000"
41,Colombia,COL,"34,422,568","35,091,272","35,758,978","36,421,438","37,076,387","37,723,803","38,364,307","38,999,468","39,629,965","40,255,956","40,875,363","41,483,872","42,075,953","42,647,731","43,200,901","43,737,512","44,254,972","44,750,054","45,222,699","45,662,747","46,075,721","46,495,492","46,967,706","47,520,667","48,175,048"
42,Comoros,COM,"436,454","449,270","462,280","475,394","488,625","501,955","515,382","528,853","542,358","555,895","569,480","583,213","597,230","611,625","626,427","641,624","657,227","673,251","689,696","706,578","723,865","741,511","759,390","777,435","795,597"
40,Congo (Brazzaville),COG,"2,489,945","2,559,880","2,632,345","2,707,532","2,785,815","2,867,283","2,951,651","3,038,432","3,127,420","3,217,930","3,310,376","3,406,915","3,510,468","3,622,775","3,745,143","3,876,123","4,011,487","4,145,400","4,273,738","4,394,842","4,510,197","4,622,757","4,736,965","4,856,093","4,980,996"
39,Congo (Kinshasa),COD,"37,333,917","38,815,835","40,252,973","41,576,239","42,757,239","43,827,191","44,849,968","45,919,615","47,105,830","48,428,534","49,871,670","51,425,583","53,068,869","54,785,894","56,578,046","58,453,687","60,411,195","62,448,572","64,563,853","66,755,151","69,020,749","71,358,804","73,767,445","76,244,532","78,789,130"
44,Costa Rica,CRI,"3,286,525","3,372,298","3,458,829","3,545,524","3,632,361","3,718,952","3,803,893","3,885,428","3,962,369","4,034,074","4,100,922","4,164,053","4,225,156","4,285,504","4,345,421","4,404,626","4,463,123","4,520,739","4,577,371","4,633,086","4,688,003","4,742,111","4,795,390","4,847,805","4,899,336"
37,Cote d'Ivoire,CIV,"12,812,428","13,271,638","13,735,438","14,199,759","14,665,125","15,130,674","15,589,407","16,032,573","16,454,660","16,853,027","17,231,539","17,599,613","17,970,493","18,354,513","18,754,914","19,171,250","19,605,568","20,059,147","20,532,944","21,028,652","21,547,188","22,087,506","22,647,672","23,226,148","23,822,726"
84,Croatia,HRV,"4,575,818","4,600,463","4,652,024","4,620,030","4,557,097","4,534,920","4,532,135","4,512,597","4,468,302","4,299,642","4,302,174","4,303,399","4,304,600","4,310,145","4,311,159","4,310,217","4,309,705","4,305,181","4,295,427","4,280,622","4,267,558","4,255,689","4,238,389","4,203,604","4,174,349"
45,Cuba,CUB,"10,736,386","10,789,312","10,838,461","10,888,246","10,939,285","10,989,730","11,038,706","11,084,673","11,126,423","11,164,676","11,199,664","11,229,185","11,250,369","11,261,586","11,261,241","11,251,117","11,236,975","11,226,711","11,225,833","11,236,671","11,257,112","11,282,722","11,306,909","11,324,777","11,335,108"
46,Curacao,CUW,"143,912","144,299","144,630","145,139","146,306","146,956","144,472","139,428","133,860","129,047","129,205","131,897","134,192","137,658","141,239","144,056","145,880","146,833","148,703","150,831","152,088","153,822","155,909","157,980","159,664"
48,Cyprus,CYP,"800,610","818,750","837,104","855,391","873,426","891,190","908,710","926,049","943,288","960,274","976,968","993,562","1,010,410","1,027,657","1,045,508","1,063,708","1,081,568","1,098,089","1,112,617","1,124,837","1,135,046","1,143,866","1,152,297","1,160,987","1,170,189"
49,Czech Republic,CZE,"10,319,123","10,329,855","10,333,587","10,327,253","10,315,241","10,304,131","10,294,373","10,283,860","10,255,063","10,216,605","10,196,916","10,193,998","10,197,101","10,211,216","10,238,905","10,298,828","10,384,603","10,443,936","10,474,410","10,496,088","10,510,785","10,514,272","10,525,347","10,546,059","10,566,332"
53,Denmark,DNK,"5,171,370","5,188,628","5,206,180","5,233,373","5,263,074","5,284,991","5,304,219","5,321,799","5,339,616","5,358,783","5,375,931","5,390,574","5,404,523","5,419,432","5,437,272","5,461,438","5,493,621","5,523,095","5,547,683","5,570,572","5,591,572","5,614,932","5,643,475","5,683,483","5,728,010"
51,Djibouti,DJI,"615,050","618,504","622,364","630,385","643,649","660,858","680,465","699,973","717,577","733,019","746,947","759,639","771,599","783,248","794,554","805,456","816,361","827,820","840,194","853,671","868,136","883,296","898,707","913,998","929,117"
52,Dominica,DMA,"70,546","70,818","71,044","71,105","70,933","70,592","70,183","69,828","69,650","69,671","69,840","70,102","70,387","70,580","70,718","70,797","70,829","70,848","70,877","70,912","70,954","71,019","71,091","71,175","71,307"
54,Dominican Republic,DOM,"7,408,339","7,546,467","7,683,707","7,819,239","7,952,766","8,084,407","8,214,427","8,343,288","8,471,317","8,598,599","8,724,974","8,850,317","8,974,444","9,097,262","9,218,681","9,338,856","9,458,079","9,576,736","9,695,117","9,813,219","9,930,916","10,048,226","10,165,182","10,281,675","10,397,738"
56,Ecuador,ECU,"10,716,131","10,961,460","11,207,999","11,455,205","11,703,169","11,951,457","12,198,449","12,442,109","12,681,123","12,914,660","13,143,465","13,369,678","13,596,390","13,825,839","14,059,379","14,296,554","14,535,740","14,774,412","15,011,114","15,243,885","15,474,099","15,707,473","15,951,832","16,212,022","16,491,116"
57,"Egypt, Arab Rep.",EGY,"58,666,812","59,880,656","61,095,804","62,334,025","63,601,632","64,892,269","66,200,259","67,515,591","68,831,561","70,152,662","71,485,044","72,826,102","74,172,073","75,523,576","76,873,670","78,232,124","79,636,081","81,134,789","82,761,244","84,529,251","86,422,240","88,404,652","90,424,668","92,442,549","94,447,071"
173,El Salvador,SLV,"5,416,327","5,490,478","5,561,916","5,628,602","5,689,943","5,746,288","5,797,764","5,844,834","5,887,930","5,927,001","5,962,139","5,994,075","6,023,801","6,052,124","6,079,395","6,105,810","6,131,767","6,157,678","6,183,877","6,210,567","6,237,922","6,266,076","6,295,124","6,325,121","6,356,137"
75,Equatorial Guinea,GNQ,"447,269","462,637","479,099","496,768","515,844","536,459","558,496","581,765","606,180","631,662","658,388","686,670","716,949","749,527","784,494","821,686","860,839","901,589","943,640","986,861","1,031,191","1,076,412","1,122,273","1,168,575","1,215,181"
58,Eritrea,ERI,"2,257,593","2,238,631","2,218,436","2,204,227","2,196,467","2,195,192","2,206,439","2,237,412","2,292,413","2,374,721","2,481,059","2,600,972","2,719,809","2,826,653","2,918,209","2,996,540","3,062,782","3,119,920","3,170,437","3,213,969",,,,,
60,Estonia,EST,"1,533,091","1,494,128","1,462,514","1,436,634","1,415,594","1,399,535","1,386,156","1,390,244","1,396,985","1,388,115","1,379,350","1,370,720","1,362,550","1,354,775","1,346,810","1,340,680","1,337,090","1,334,515","1,331,475","1,327,439","1,322,696","1,317,997","1,314,545","1,315,407","1,315,790"
183,Eswatini,SWZ,"866,995","887,706","907,622","926,836","945,506","963,416","979,922","994,105","1,005,432","1,013,608","1,019,054","1,022,796","1,026,287","1,030,575","1,036,095","1,042,651","1,049,948","1,057,462","1,064,841","1,072,029","1,079,285","1,086,843","1,095,022","1,104,038","1,113,994"
61,Ethiopia,ETH,"51,423,591","53,295,556","55,180,993","57,047,906","58,883,531","60,697,443","62,507,724","64,343,008","66,224,809","68,159,422","70,142,090","72,170,581","74,239,508","76,346,310","78,489,205","80,674,343","82,916,236","85,233,923","87,639,962","90,139,928","92,726,982","95,385,793","98,094,264","100,835,453","103,603,461"
65,Faroe Islands,FRO,"46,746","46,277","45,848","45,625","45,624","45,789","46,094","46,428","46,738","46,999","47,235","47,439","47,600","47,731","47,793","47,825","47,822","47,814","47,803","47,815","47,843","47,901","47,965","48,055","48,173"
63,Fiji,FJI,"744,470","754,962","765,607","775,428","784,389","792,736","800,148","806,302","811,011","813,923","815,257","816,078","817,864","821,606","827,869","836,185","845,356","853,636","859,816","863,451","865,065","865,602","866,447","868,632","872,406"
62,Finland,FIN,"5,041,992","5,066,447","5,088,333","5,107,790","5,124,573","5,139,835","5,153,498","5,165,474","5,176,209","5,188,008","5,200,598","5,213,014","5,228,172","5,246,096","5,266,268","5,288,720","5,313,399","5,338,871","5,363,352","5,388,272","5,413,971","5,438,972","5,461,512","5,479,531","5,495,303"
64,France,FRA,"58,851,216","59,106,758","59,327,200","59,541,904","59,753,095","59,964,841","60,186,284","60,496,708","60,912,500","61,357,432","61,805,266","62,244,880","62,704,901","63,179,356","63,621,376","64,016,227","64,374,979","64,707,035","65,027,505","65,342,789","65,659,814","65,998,685","66,312,067","66,548,272","66,724,104"
162,French Polynesia,PYF,"207,238","210,644","214,196","218,064","222,323","226,854","231,562","236,217","240,681","244,929","248,976","252,707","255,995","258,780","261,007","262,717","264,064","265,256","266,449","267,702","268,995","270,332","271,713","273,119","274,576"
67,Gabon,GAB,"1,002,573","1,029,769","1,057,252","1,084,951","1,112,944","1,141,332","1,170,061","1,199,058","1,228,359","1,258,008","1,288,310","1,319,946","1,353,788","1,390,550","1,430,144","1,472,565","1,518,538","1,568,925","1,624,146","1,684,629","1,749,677","1,817,070","1,883,801","1,947,690","2,007,882"
73,Gambia,GMB,"1,027,476","1,060,861","1,094,219","1,128,577","1,164,091","1,200,522","1,238,124","1,277,118","1,317,708","1,360,070","1,404,263","1,449,925","1,496,524","1,543,745","1,591,444","1,639,846","1,689,288","1,740,277","1,793,199","1,848,142","1,905,020","1,963,708","2,024,037","2,085,860","2,149,134"
69,Georgia,GEO,"4,873,500","4,911,100","4,836,076","4,657,722","4,491,699","4,349,913","4,243,607","4,157,192","4,077,131","4,014,373","3,978,515","3,951,736","3,927,340","3,902,469","3,880,347","3,860,158","3,848,449","3,814,419","3,786,695","3,756,441","3,728,874","3,717,668","3,719,414","3,725,276","3,727,505"
50,Germany,DEU,"80,624,598","81,156,363","81,438,348","81,678,051","81,914,831","82,034,771","82,047,195","82,100,243","82,211,508","82,349,925","82,488,495","82,534,176","82,516,260","82,469,422","82,376,451","82,266,372","82,110,097","81,902,307","81,776,930","80,274,983","80,425,823","80,645,605","80,982,500","81,686,611","82,348,669"
70,Ghana,GHA,"15,653,345","16,106,756","16,561,677","17,014,058","17,462,504","17,908,977","18,357,159","18,812,369","19,278,850","19,756,929","20,246,376","20,750,308","21,272,328","21,814,648","22,379,057","22,963,946","23,563,832","24,170,943","24,779,614","25,387,713","25,996,454","26,607,641","27,224,480","27,849,203","28,481,947"
71,Gibraltar,GIB,"28,844","28,680","28,605","28,688","28,970","29,404","29,945","30,526","31,081","31,604","32,097","32,556","32,930","33,222","33,420","33,524","33,570","33,562","33,585","33,608","33,653","33,694","33,726","33,742","33,738"
76,Greece,GRC,"10,399,061","10,460,415","10,512,922","10,562,153","10,608,800","10,661,259","10,720,509","10,761,698","10,805,808","10,862,132","10,902,022","10,928,070","10,955,141","10,987,314","11,020,362","11,048,473","11,077,841","11,107,017","11,121,341","11,104,899","11,045,011","10,965,211","10,892,413","10,820,883","10,775,971"
78,Greenland,GRL,"55,300","55,200","55,500","55,800","55,900","56,000","56,100","56,100","56,200","56,350","56,609","56,765","56,911","56,935","56,774","56,555","56,328","56,323","56,905","56,890","56,810","56,483","56,295","56,114","56,186"
77,Grenada,GRD,"97,161","98,234","99,345","100,286","101,003","101,567","102,023","102,429","102,837","103,242","103,636","104,003","104,346","104,658","104,938","105,183","105,457","105,787","106,227","106,786","107,452","108,172","108,900","109,603","110,263"
80,Guam,GUM,"136,693","139,813","142,806","145,559","148,061","150,303","152,274","153,955","155,323","156,395","157,173","157,723","158,094","158,406","158,649","158,848","159,037","159,232","159,439","159,690","159,990","160,415","161,007","161,851","162,948"
79,Guatemala,GTM,"9,544,055","9,790,619","10,037,522","10,286,786","10,536,942","10,788,362","11,046,215","11,311,078","11,589,761","11,871,565","12,147,518","12,415,334","12,682,108","12,948,292","13,213,330","13,477,017","13,739,299","14,000,190","14,259,687","14,521,515","14,781,942","15,043,981","15,306,316","15,567,419","15,827,690"
72,Guinea,GIN,"6,716,032","6,897,171","7,081,119","7,269,631","7,463,782","7,662,071","7,860,772","8,054,745","8,240,735","8,417,082","8,586,077","8,753,097","8,925,729","9,109,585","9,307,421","9,518,159","9,738,796","9,964,470","10,192,168","10,420,459","10,652,032","10,892,821","11,150,970","11,432,096","11,738,434"
74,Guinea-Bissau,GNB,"1,020,353","1,043,421","1,066,345","1,088,850","1,110,835","1,132,505","1,154,372","1,177,133","1,201,305","1,227,105","1,254,454","1,283,297","1,313,492","1,344,931","1,377,582","1,411,545","1,446,936","1,483,920","1,522,603","1,562,996","1,604,981","1,648,259","1,692,433","1,737,207","1,782,434"
81,Guyana,GUY,"748,596","754,141","758,896","761,298","760,801","757,975","753,778","749,676","746,718","745,206","744,789","745,142","745,737","746,156","746,335","746,477","746,815","747,718","749,430","752,029","755,388","759,281","763,371","767,433","771,363"
85,Haiti,HTI,"7,319,491","7,460,684","7,602,318","7,744,509","7,887,312","8,030,721","8,174,680","8,319,070","8,463,802","8,608,810","8,754,148","8,900,108","9,047,082","9,195,289","9,344,784","9,495,336","9,646,570","9,798,046","9,949,318","10,100,320","10,250,922","10,400,672","10,549,007","10,695,540","10,839,976"
83,Honduras,HND,"5,244,677","5,394,416","5,548,969","5,709,010","5,874,814","6,045,704","6,220,405","6,397,140","6,574,510","6,751,912","6,929,267","7,106,323","7,282,953","7,458,982","7,634,295","7,808,520","7,980,955","8,150,780","8,317,467","8,480,670","8,640,692","8,798,524","8,955,579","9,112,904","9,270,794"
82,Hong Kong ,HKG,"5,800,500","5,901,000","6,035,400","6,156,100","6,435,500","6,489,300","6,543,700","6,606,500","6,665,000","6,714,300","6,744,100","6,730,800","6,783,500","6,813,200","6,857,100","6,916,300","6,957,800","6,972,800","7,024,200","7,071,600","7,150,100","7,178,900","7,229,500","7,291,300","7,336,600"
86,Hungary,HUN,"10,369,341","10,357,523","10,343,355","10,328,965","10,311,238","10,290,486","10,266,570","10,237,530","10,210,971","10,187,576","10,158,608","10,129,552","10,107,146","10,087,065","10,071,370","10,055,780","10,038,188","10,022,650","10,000,023","9,971,727","9,920,362","9,893,082","9,866,468","9,843,028","9,814,023"
94,Iceland,ISL,"261,057","263,725","266,021","267,468","268,916","271,128","274,047","277,381","281,205","284,968","287,523","289,521","292,074","296,734","303,782","311,566","317,414","318,499","318,041","319,014","320,716","323,764","327,386","330,815","335,439"
90,India,IND,"909,307,018","927,403,866","945,601,828","963,922,586","982,365,248","1,000,900,028","1,019,483,586","1,038,058,154","1,056,575,548","1,075,000,094","1,093,317,187","1,111,523,146","1,129,623,466","1,147,609,924","1,165,486,291","1,183,209,471","1,200,669,762","1,217,726,217","1,234,281,163","1,250,287,939","1,265,780,243","1,280,842,119","1,295,600,768","1,310,152,392","1,324,517,250"
87,Indonesia,IDN,"187,739,786","190,851,184","193,917,458","196,934,257","199,901,231","202,826,444","205,724,597","208,615,171","211,513,822","214,427,419","217,357,790","220,309,473","223,285,666","226,289,468","229,318,262","232,374,239","235,469,755","238,620,554","241,834,226","245,115,988","248,451,714","251,805,314","255,128,076","258,383,257","261,556,386"
92,Iran,IRN,"58,780,376","59,723,761","60,590,608","61,442,658","62,294,919","63,136,309","63,971,836","64,800,875","65,623,397","66,449,111","67,284,801","68,122,947","68,951,279","69,762,345","70,554,756","71,336,476","72,120,608","72,924,833","73,762,519","74,634,959","75,539,881","76,481,963","77,465,769","78,492,208","79,563,991"
93,Iraq,IRQ,"18,402,740","18,955,087","19,539,348","20,149,342","20,783,073","21,439,579","22,114,330","22,802,061","23,497,589","24,208,178","24,931,922","25,644,503","26,313,838","26,922,279","27,448,124","27,911,242","28,385,739","28,973,157","29,741,977","30,725,305","31,890,012","33,157,061","34,411,949","35,572,269","36,610,632"
91,Ireland,IRL,"3,558,430","3,576,261","3,590,386","3,608,841","3,637,510","3,674,171","3,712,696","3,754,786","3,805,174","3,866,243","3,931,947","3,996,521","4,070,262","4,159,914","4,273,591","4,398,942","4,489,544","4,535,375","4,560,155","4,580,084","4,599,533","4,623,816","4,657,740","4,701,957","4,755,335"
89,Isle of Man,IMN,"71,262","71,431","71,662","72,133","72,884","73,851","74,936","75,996","76,942","77,707","78,318","78,878","79,515","80,293","81,283","82,406","83,515","84,379","84,856","84,889","84,534","83,985","83,488","83,232","83,296"
95,Israel,ISR,"5,123,000","5,261,000","5,399,000","5,545,000","5,692,000","5,836,000","5,971,000","6,125,000","6,289,000","6,439,000","6,570,000","6,689,700","6,809,000","6,930,100","7,053,700","7,180,100","7,308,800","7,485,600","7,623,600","7,765,800","7,910,500","8,059,500","8,215,700","8,380,100","8,546,000"
96,Italy,ITA,"56,797,087","56,831,821","56,843,400","56,844,303","56,860,281","56,890,372","56,906,744","56,916,317","56,942,108","56,974,100","57,059,007","57,313,203","57,685,327","57,969,484","58,143,979","58,438,310","58,826,731","59,095,365","59,277,417","59,379,449","59,539,717","60,233,948","60,789,140","60,730,582","60,627,498"
97,Jamaica,JAM,"2,461,047","2,484,583","2,509,042","2,533,705","2,558,631","2,583,914","2,608,874","2,632,677","2,654,698","2,674,706","2,692,843","2,709,438","2,725,017","2,740,000","2,754,414","2,768,229","2,781,869","2,795,839","2,810,464","2,825,932","2,842,128","2,858,710","2,875,137","2,891,024","2,906,242"
99,Japan,JPN,"124,425,000","124,829,000","125,178,000","125,472,000","125,757,000","126,057,000","126,400,000","126,631,000","126,843,000","127,149,000","127,445,000","127,718,000","127,761,000","127,773,000","127,854,000","128,001,000","128,063,000","128,047,000","128,070,000","127,833,000","127,629,000","127,445,000","127,276,000","127,141,000","127,076,000"
98,Jordan,JOR,"3,977,667","4,201,559","4,410,357","4,588,842","4,732,848","4,848,536","4,943,975","5,031,754","5,122,495","5,217,328","5,317,514","5,434,036","5,580,241","5,765,639","5,991,547","6,255,290","6,556,473","6,893,258","7,261,541","7,662,858","8,089,963","8,518,992","8,918,822","9,266,573","9,554,286"
100,Kazakhstan,KAZ,"16,439,095","16,380,672","16,145,766","15,816,243","15,578,227","15,334,405","15,071,640","14,928,374","14,883,626","14,858,335","14,858,948","14,909,019","15,012,984","15,147,029","15,308,085","15,484,192","15,776,938","16,092,822","16,321,872","16,557,202","16,792,090","17,035,551","17,288,285","17,542,806","17,794,055"
101,Kenya,KEN,"25,326,080","26,136,217","26,950,508","27,768,297","28,589,456","29,415,660","30,250,488","31,098,763","31,964,557","32,848,569","33,751,746","34,678,781","35,635,267","36,624,897","37,649,039","38,705,934","39,791,984","40,901,798","42,030,684","43,178,270","44,343,469","45,519,986","46,700,063","47,878,339","49,051,531"
104,Kiribati,KIR,"74,767","75,711","76,668","77,716","78,904","80,188","81,558","82,969","84,405","85,844","87,308","88,840","90,498","92,319","94,341","96,531","98,760","100,928","102,930","104,735","106,359","107,887","109,387","110,927","112,529"
212,Kosovo,XKX,"1,932,000","1,965,000","1,997,000","2,029,000","2,059,000","2,086,000","1,966,000","1,762,000","1,700,000","1,701,154","1,702,310","1,703,466","1,704,622","1,705,780","1,719,536","1,733,404","1,747,383","1,761,474","1,775,680","1,791,000","1,807,106","1,818,117","1,812,771","1,788,196","1,777,557"
107,Kuwait,KWT,,,,"1,605,907","1,626,858","1,710,257","1,831,121","1,951,642","2,045,123","2,103,273","2,136,991","2,161,626","2,200,498","2,270,196","2,373,661","2,504,026","2,656,010","2,821,041","2,991,884","3,168,054","3,348,852","3,526,382","3,690,939","3,835,588","3,956,862"
102,Kyrgyzstan,KGZ,"4,515,400","4,516,700","4,515,100","4,560,400","4,628,400","4,696,400","4,769,000","4,840,400","4,898,400","4,945,100","4,990,700","5,043,300","5,104,700","5,162,600","5,218,400","5,268,400","5,318,700","5,383,300","5,447,900","5,514,600","5,607,200","5,719,600","5,835,500","5,956,900","6,079,500"
108,Lao,LAO,"4,500,346","4,619,946","4,735,837","4,846,477","4,951,189","5,050,308","5,144,601","5,235,339","5,323,701","5,409,584","5,493,247","5,576,640","5,662,199","5,751,675","5,846,075","5,944,950","6,046,630","6,148,621","6,249,168","6,347,564","6,444,527","6,541,302","6,639,763","6,741,160","6,845,848"
118,Latvia,LVA,"2,614,338","2,563,290","2,520,742","2,485,056","2,457,222","2,432,851","2,410,019","2,390,482","2,367,550","2,337,170","2,310,173","2,287,955","2,263,122","2,238,799","2,218,357","2,200,325","2,177,322","2,141,669","2,097,555","2,059,709","2,034,319","2,012,647","1,993,782","1,977,527","1,959,537"
109,Lebanon,LBN,"3,076,133","3,246,129","3,403,359","3,528,379","3,610,663","3,658,425","3,693,514","3,747,762","3,842,774","3,990,999","4,182,205","4,388,378","4,569,377","4,698,761","4,759,760","4,767,347","4,764,745","4,813,026","4,953,064","5,202,022","5,537,620","5,913,016","6,261,046","6,532,681","6,714,281"
115,Lesotho,LSO,"1,782,284","1,822,237","1,861,323","1,898,598","1,934,294","1,968,054","1,997,524","2,019,732","2,032,805","2,035,738","2,029,832","2,018,355","2,005,953","1,996,115","1,989,933","1,986,926","1,987,130","1,990,135","1,995,575","2,003,793","2,014,988","2,028,528","2,043,448","2,059,011","2,075,041"
110,Liberia,LBR,"2,001,612","1,976,701","1,986,491","2,044,657","2,160,480","2,326,210","2,517,472","2,699,708","2,848,447","2,953,928","3,024,727","3,077,055","3,135,654","3,218,114","3,329,211","3,461,911","3,607,863","3,754,129","3,891,357","4,017,446","4,135,662","4,248,337","4,359,508","4,472,229","4,586,788"
111,Libya,LBY,"4,650,896","4,755,134","4,854,871","4,948,796","5,036,173","5,118,008","5,196,774","5,275,921","5,357,893","5,443,249","5,531,097","5,620,545","5,710,163","5,798,615","5,886,874","5,974,786","6,058,740","6,133,987","6,197,667","6,247,438","6,285,751","6,320,350","6,362,039","6,418,315","6,492,160"
113,Liechtenstein,LIE,"29,552","29,987","30,415","30,884","31,354","31,830","32,306","32,765","33,184","33,543","33,885","34,172","34,444","34,718","34,975","35,217","35,469","35,723","35,996","36,299","36,615","36,940","37,219","37,465","37,655"
116,Lithuania,LTU,"3,700,114","3,682,613","3,657,144","3,629,102","3,601,613","3,575,137","3,549,331","3,524,238","3,499,536","3,470,818","3,443,067","3,415,213","3,377,075","3,322,528","3,269,909","3,231,294","3,198,231","3,162,916","3,097,282","3,028,115","2,987,773","2,957,689","2,932,367","2,904,910","2,868,231"
117,Luxembourg,LUX,"392,175","397,475","402,925","408,625","414,225","419,450","424,700","430,475","436,300","441,525","446,175","451,630","458,095","465,158","472,637","479,993","488,650","497,783","506,953","518,347","530,946","543,360","556,319","569,604","582,014"
119,Macao,MAC,"362,308","370,195","377,805","385,517","393,376","401,353","409,620","418,388","427,772","437,928","448,813","460,157","471,600","482,863","493,804","504,504","515,232","526,401","538,215","550,833","564,037","577,368","590,210","602,093","612,824"
128,Macedonia,MKD,"1,988,659","1,984,024","1,981,713","1,983,259","1,989,441","1,996,869","2,007,523","2,017,142","2,026,350","2,034,882","2,020,157","2,026,773","2,032,544","2,036,855","2,040,228","2,043,559","2,046,898","2,050,671","2,055,004","2,058,539","2,061,044","2,064,032","2,067,471","2,070,226","2,072,490"
124,Madagascar,MDG,"12,301,338","12,675,469","13,066,544","13,475,403","13,902,697","14,347,860","14,808,791","15,282,524","15,766,806","16,260,933","16,765,122","17,279,139","17,802,992","18,336,722","18,880,265","19,433,520","19,996,476","20,569,115","21,151,640","21,743,970","22,346,641","22,961,259","23,589,897","24,234,080","24,894,370"
138,Malawi,MWI,"9,685,974","9,710,335","9,745,695","9,844,418","10,022,783","10,264,906","10,552,345","10,854,325","11,148,751","11,432,001","11,713,663","12,000,183","12,301,837","12,625,950","12,973,693","13,341,808","13,727,899","14,128,161","14,539,609","14,962,118","15,396,010","15,839,287","16,289,550","16,745,305","17,205,253"
139,Malaysia,MYS,"19,002,660","19,484,901","19,977,508","20,487,604","21,017,619","21,562,790","22,114,647","22,661,293","23,194,252","23,709,115","24,208,391","24,698,821","25,190,647","25,690,615","26,201,954","26,720,367","27,236,003","27,735,038","28,208,028","28,650,962","29,068,189","29,468,923","29,866,606","30,270,965","30,684,652"
125,Maldives,MDV,"236,271","242,596","248,582","254,144","259,178","263,836","268,445","273,522","279,396","286,309","294,185","302,681","311,265","319,604","327,489","335,172","343,448","353,391","365,730","380,493","397,231","415,592","435,018","454,914","475,505"
129,Mali,MLI,"8,850,334","9,087,173","9,334,893","9,585,660","9,837,575","10,094,363","10,360,564","10,642,937","10,946,448","11,271,603","11,616,890","11,982,692","12,369,078","12,775,509","13,203,378","13,651,455","14,113,578","14,581,427","15,049,352","15,514,593","15,979,492","16,449,854","16,934,213","17,438,772","17,965,448"
130,Malta,MLT,"367,618","371,308","374,797","377,419","379,905","382,791","385,287","387,578","390,087","393,028","395,969","398,582","401,268","403,834","405,308","406,724","409,379","412,477","414,508","416,268","420,028","425,967","434,558","445,053","455,356"
127,Marshall Islands,MHL,"49,242","49,828","50,214","50,454","50,523","50,453","50,356","50,418","50,754","51,411","52,368","53,465","54,476","55,257","55,765","56,046","56,166","56,255","56,361","56,524","56,712","56,933","57,183","57,444","57,723"
136,Mauritania,MRT,"2,142,645","2,198,538","2,255,520","2,313,630","2,372,900","2,433,567","2,496,217","2,561,584","2,630,217","2,702,405","2,778,097","2,857,150","2,939,246","3,024,198","3,111,908","3,202,512","3,296,237","3,393,408","3,494,200","3,598,646","3,706,555","3,817,497","3,930,894","4,046,304","4,163,532"
137,Mauritius,MUS,"1,084,441","1,097,374","1,112,846","1,122,457","1,133,996","1,148,284","1,160,421","1,175,267","1,186,873","1,196,287","1,204,621","1,213,370","1,221,003","1,228,254","1,233,996","1,239,630","1,244,121","1,247,429","1,250,400","1,252,404","1,255,882","1,258,653","1,260,934","1,262,605","1,263,473"
126,Mexico,MEX,"87,075,136","88,625,440","90,156,396","91,663,290","93,147,045","94,611,008","96,056,313","97,484,823","98,899,845","100,298,152","101,684,764","103,081,020","104,514,934","106,005,199","107,560,155","109,170,503","110,815,272","112,463,886","114,092,961","115,695,468","117,274,156","118,827,158","120,355,137","121,858,251","123,333,379"
66,Micronesia,FSM,"101,386","103,901","106,030","107,535","108,311","108,473","108,206","107,769","107,405","107,170","107,027","106,902","106,624","106,135","105,374","104,442","103,549","102,971","102,916","103,448","104,506","105,922","107,444","108,886","110,215"
123,Moldova,MDA,"2,977,130","2,973,114","2,964,277","2,952,307","2,946,401","2,935,524","2,934,339","2,929,735","2,923,783","2,917,252","2,910,504","2,902,320","2,895,147","2,888,111","2,880,095","2,873,429","2,867,964","2,864,346","2,861,487","2,859,833","2,859,458","2,858,692","2,856,950","2,834,530","2,802,170"
122,Monaco,MCO,"29,859","30,145","30,436","30,731","31,001","31,268","31,554","31,836","32,148","32,474","32,804","33,144","33,499","33,842","34,189","34,524","34,860","35,223","35,609","36,025","36,459","36,899","37,320","37,723","38,070"
133,Mongolia,MNG,"2,243,495","2,263,196","2,280,475","2,298,017","2,316,571","2,335,744","2,355,667","2,376,228","2,397,417","2,419,594","2,443,261","2,468,765","2,496,394","2,526,429","2,558,854","2,593,819","2,631,899","2,673,794","2,719,902","2,770,357","2,824,698","2,881,783","2,940,111","2,998,433","3,056,358"
132,Montenegro,MNE,"608,516","610,170","611,389","611,712","611,003","609,520","607,662","606,001","604,950","607,389","609,828","612,267","613,353","614,261","615,025","615,875","616,969","618,294","619,428","620,079","620,601","621,207","621,810","622,159","622,303"
121,Morocco,MAR,"25,711,410","26,155,204","26,584,473","26,994,255","27,383,472","27,754,573","28,110,447","28,455,504","28,793,672","29,126,323","29,454,765","29,782,884","30,115,196","30,455,563","30,804,689","31,163,670","31,536,807","31,929,087","32,343,384","32,781,860","33,241,898","33,715,705","34,192,358","34,663,608","35,126,274"
135,Mozambique,MOZ,"13,805,999","14,370,950","14,948,050","15,483,277","15,960,445","16,397,175","16,813,946","17,244,176","17,711,925","18,221,884","18,764,147","19,331,097","19,910,549","20,493,927","21,080,108","21,673,319","22,276,596","22,894,718","23,531,567","24,187,500","24,862,673","25,560,752","26,286,192","27,042,001","27,829,930"
131,Myanmar,MMR,"42,401,686","42,889,992","43,383,421","43,901,598","44,452,203","45,027,223","45,611,220","46,181,075","46,719,698","47,225,119","47,702,163","48,148,907","48,564,489","48,949,931","49,301,049","49,621,479","49,929,642","50,250,366","50,600,827","50,990,612","51,413,703","51,852,464","52,280,816","52,680,724","53,045,199"
140,Namibia,NAM,"1,516,951","1,555,098","1,591,826","1,627,866","1,663,378","1,698,029","1,731,635","1,763,861","1,794,583","1,823,667","1,851,519","1,879,113","1,907,737","1,938,316","1,971,318","2,006,516","2,043,382","2,081,039","2,118,877","2,156,698","2,194,777","2,233,506","2,273,426","2,314,901","2,358,044"
148,Nauru,NRU,"10,030","10,287","10,496","10,626","10,677","10,643","10,567","10,449","10,335","10,219","10,102","9,990","9,906","9,848","9,827","9,846","9,880","9,945","10,009","10,069","10,136","10,208","10,289","10,374","10,474"
147,Nepal,NPL,"19,938,322","20,489,973","21,040,899","21,576,074","22,090,352","22,584,772","23,057,875","23,509,971","23,941,099","24,347,113","24,725,625","25,080,880","25,419,337","25,744,500","26,066,687","26,382,586","26,666,581","26,883,531","27,013,207","27,041,220","26,989,160","26,916,795","26,905,982","27,015,033","27,263,430"
145,Netherlands,NLD,"15,184,166","15,290,368","15,382,838","15,459,006","15,530,498","15,610,650","15,707,209","15,812,088","15,925,513","16,046,180","16,148,929","16,225,302","16,281,779","16,319,868","16,346,101","16,381,696","16,445,593","16,530,388","16,615,394","16,693,074","16,754,962","16,804,432","16,865,008","16,939,923","17,030,314"
141,New Caledonia,NCL,"179,799","184,496","189,482","193,816","197,564","201,418","205,279","209,214","213,230","217,324","221,490","225,296","228,750","232,250","235,750","239,250","242,750","245,950","249,750","254,350","259,000","263,650","268,050","268,700","269,350"
149,New Zealand,NZL,"3,531,700","3,572,200","3,620,000","3,673,400","3,732,000","3,781,300","3,815,000","3,835,100","3,857,700","3,880,500","3,948,500","4,027,200","4,087,500","4,133,900","4,184,600","4,223,800","4,259,800","4,302,600","4,350,700","4,384,000","4,408,100","4,442,100","4,516,500","4,609,400","4,714,100"
144,Nicaragua,NIC,"4,364,514","4,462,496","4,559,010","4,652,185","4,741,571","4,827,658","4,910,642","4,991,041","5,069,310","5,145,367","5,219,324","5,292,115","5,364,930","5,438,692","5,513,757","5,590,066","5,667,436","5,745,538","5,824,058","5,903,035","5,982,530","6,062,462","6,142,734","6,223,234","6,303,970"
142,Niger,NER,"8,566,773","8,860,297","9,168,316","9,490,289","9,826,600","10,178,196","10,545,720","10,929,922","11,331,561","11,751,364","12,189,988","12,647,983","13,125,914","13,624,474","14,143,969","14,685,404","15,250,913","15,843,131","16,464,025","17,114,770","17,795,209","18,504,287","19,240,182","20,001,663","20,788,789"
143,Nigeria,NGA,"100,161,708","102,700,751","105,293,701","107,948,339","110,668,784","113,457,661","116,319,763","119,260,055","122,283,853","125,394,046","128,596,079","131,900,634","135,320,420","138,865,014","142,538,305","146,339,971","150,269,622","154,324,939","158,503,203","162,805,080","167,228,803","171,765,819","176,404,931","181,137,454","185,960,244"
159,North Korea,PRK,"20,937,407","21,265,832","21,577,979","21,862,300","22,113,428","22,335,263","22,536,754","22,731,470","22,929,078","23,132,982","23,339,453","23,542,434","23,732,740","23,904,167","24,054,866","24,188,330","24,310,143","24,428,340","24,548,840","24,673,392","24,800,638","24,929,500","25,057,793","25,183,832","25,307,665"
134,Northern Mariana Islands,MNP,"46,473","45,763","45,361","45,872","47,518","50,052","52,999","55,633","57,453","58,319","58,412","57,954","57,240","56,547","55,886","55,215","54,621","54,194","53,971","54,013","54,306","54,786","55,301","55,779","56,187"
146,Norway,NOR,"4,286,401","4,311,991","4,336,613","4,359,184","4,381,336","4,405,157","4,431,464","4,461,913","4,490,967","4,513,751","4,538,159","4,564,855","4,591,910","4,623,291","4,660,677","4,709,153","4,768,212","4,828,726","4,889,252","4,953,088","5,018,573","5,079,623","5,137,232","5,188,607","5,234,519"
150,Oman,OMN,"1,983,272","2,072,106","2,148,416","2,204,267","2,236,652","2,249,759","2,251,859","2,254,898","2,267,973","2,294,959","2,334,860","2,386,164","2,445,524","2,511,254","2,580,753","2,657,162","2,750,956","2,876,186","3,041,435","3,251,102","3,498,031","3,764,805","4,027,255","4,267,341","4,479,217"
151,Pakistan,PAK,"113,911,126","117,086,680","120,362,764","123,776,835","127,349,293","131,057,432","134,843,233","138,624,625","142,343,583","145,978,408","149,549,695","153,093,371","156,664,698","160,304,007","164,022,626","167,808,106","171,648,984","175,525,610","179,424,643","183,340,168","187,280,125","191,260,799","195,305,012","199,426,953","203,631,356"
155,Palau,PLW,"15,859","16,285","16,735","17,158","17,599","18,016","18,409","18,773","19,104","19,390","19,642","19,812","19,861","19,784","19,545","19,159","18,708","18,290","17,954","17,748","17,635","17,603","17,625","17,665","17,718"
152,Panama,PAN,"2,575,949","2,629,584","2,684,117","2,739,667","2,796,291","2,853,907","2,912,318","2,971,197","3,030,333","3,089,641","3,149,195","3,209,056","3,269,356","3,330,222","3,391,673","3,453,671","3,516,204","3,579,215","3,642,691","3,706,479","3,770,635","3,835,447","3,901,311","3,968,490","4,037,073"
156,Papua New Guinea,PNG,"4,836,216","4,949,053","5,065,664","5,187,063","5,314,258","5,446,633","5,581,767","5,716,166","5,847,590","5,974,627","6,098,621","6,223,378","6,354,247","6,494,902","6,646,891","6,808,503","6,976,200","7,144,774","7,310,512","7,472,196","7,631,003","7,788,388","7,946,733","8,107,772","8,271,766"
161,Paraguay,PRY,"4,445,019","4,555,518","4,666,096","4,776,838","4,887,638","4,998,096","5,107,840","5,216,346","5,323,202","5,428,442","5,531,958","5,632,983","5,730,556","5,824,095","5,913,212","5,998,430","6,081,296","6,163,970","6,248,017","6,333,981","6,421,510","6,510,273","6,599,524","6,688,746","6,777,878"
153,Peru,PER,"22,966,822","23,408,135","23,851,405","24,299,168","24,753,825","25,210,957","25,658,070","26,078,295","26,459,944","26,799,289","27,100,964","27,372,217","27,624,226","27,866,140","28,102,055","28,333,050","28,562,321","28,792,663","29,027,680","29,264,314","29,506,790","29,773,986","30,090,372","30,470,739","30,926,036"
154,Philippines,PHL,"65,020,124","66,593,904","68,180,846","69,784,087","71,401,743","73,030,879","74,672,009","76,325,927","77,991,757","79,672,869","81,365,260","83,051,970","84,710,544","86,326,251","87,888,675","89,405,482","90,901,967","92,414,161","93,966,784","95,570,049","97,212,639","98,871,558","100,513,137","102,113,206","103,663,812"
157,Poland,POL,"38,363,667","38,461,408","38,542,652","38,594,998","38,624,370","38,649,660","38,663,481","38,660,271","38,258,629","38,248,076","38,230,364","38,204,570","38,182,222","38,165,445","38,141,267","38,120,560","38,125,759","38,151,603","38,042,794","38,063,255","38,063,164","38,040,196","38,011,735","37,986,412","37,970,087"
160,Portugal,PRT,"9,952,494","9,964,675","9,991,525","10,026,176","10,063,945","10,108,977","10,160,196","10,217,828","10,289,898","10,362,722","10,419,631","10,458,821","10,483,861","10,503,330","10,522,288","10,542,964","10,558,177","10,568,247","10,573,100","10,557,560","10,514,844","10,457,295","10,401,062","10,358,076","10,325,452"
158,Puerto Rico,PRI,"3,585,176","3,615,497","3,649,237","3,683,103","3,724,655","3,759,430","3,781,101","3,800,081","3,810,605","3,818,774","3,823,701","3,826,095","3,826,878","3,821,362","3,805,214","3,782,995","3,760,866","3,740,410","3,721,525","3,678,732","3,634,488","3,593,077","3,534,874","3,473,232","3,406,672"
163,Qatar,QAT,"495,403","501,479","507,044","513,447","522,531","535,320","551,566","570,486","592,467","615,013","640,872","681,791","753,332","865,410","1,022,704","1,218,441","1,436,670","1,654,944","1,856,329","2,035,862","2,196,078","2,336,579","2,459,202","2,565,708","2,654,379"
164,Romania,ROU,"22,794,284","22,763,280","22,730,211","22,684,270","22,619,004","22,553,978","22,507,344","22,472,040","22,442,971","22,131,970","21,730,496","21,574,326","21,451,748","21,319,685","21,193,760","20,882,982","20,537,875","20,367,487","20,246,871","20,147,528","20,058,035","19,983,693","19,908,979","19,815,616","19,702,267"
165,Russian,RUS,"148,538,197","148,458,777","148,407,912","148,375,787","148,160,129","147,915,361","147,670,784","147,214,776","146,596,869","145,976,482","145,306,497","144,648,618","144,067,316","143,518,814","143,049,637","142,805,114","142,742,366","142,785,349","142,849,468","142,960,908","143,201,721","143,506,995","143,819,667","144,096,870","144,342,397"
166,Rwanda,RWA,"6,702,239","6,263,758","5,936,253","5,836,490","6,013,112","6,419,898","6,962,800","7,501,238","7,933,688","8,231,150","8,427,061","8,557,160","8,680,516","8,840,220","9,043,342","9,273,759","9,524,532","9,782,770","10,039,338","10,293,333","10,549,668","10,811,538","11,083,629","11,369,066","11,668,829"
211,Samoa,WSM,"165,490","167,117","168,689","170,050","171,165","172,065","172,839","173,606","174,454","175,394","176,410","177,481","178,597","179,722","180,874","182,045","183,270","184,553","185,944","187,469","189,089","190,712","192,220","193,510","194,540"
174,San Marino,SMR,"24,830","25,208","25,588","25,925","26,253","26,563","26,851","27,141","27,460","27,818","28,175","28,561","28,942","29,324","29,694","30,068","30,434","30,825","31,221","31,655","32,103","32,554","32,941","33,270","33,503"
178,Sao Tome and Principe,STP,"124,574","127,066","129,426","131,679","133,799","135,831","137,855","139,964","142,264","144,760","147,450","150,405","153,736","157,472","161,676","166,297","171,122","175,877","180,372","184,521","188,394","192,076","195,727","199,439","203,221"
167,Saudi Arabia,SAU,"17,282,686","17,763,297","18,214,475","18,638,790","19,033,843","19,407,138","19,783,301","20,194,531","20,663,840","21,202,646","21,805,322","22,456,645","23,132,686","23,816,175","24,498,313","25,184,589","25,888,535","26,630,303","27,421,468","28,267,591","29,154,906","30,052,058","30,916,603","31,717,676","32,443,443"
169,Senegal,SEN,"7,990,090","8,226,749","8,461,066","8,690,155","8,912,872","9,130,876","9,347,777","9,568,717","9,797,731","10,036,102","10,283,694","10,541,470","10,810,086","11,090,123","11,382,272","11,687,078","12,004,700","12,335,092","12,678,143","13,033,814","13,401,990","13,782,429","14,174,740","14,578,450","14,993,514"
176,Serbia,SRB,"7,646,424","7,699,307","7,734,639","7,625,357","7,617,794","7,596,501","7,567,745","7,540,401","7,516,346","7,503,433","7,496,522","7,480,591","7,463,157","7,440,769","7,411,569","7,381,579","7,350,222","7,320,807","7,291,436","7,234,099","7,199,077","7,164,132","7,130,576","7,095,383","7,058,322"
185,Seychelles,SYC,"70,763","72,253","74,205","75,304","76,417","77,319","78,846","80,410","81,131","81,202","83,723","82,781","82,475","82,858","84,600","85,033","86,956","87,298","89,770","87,441","88,303","89,949","91,359","93,419","94,677"
172,Sierra Leone,SLE,"4,347,727","4,328,965","4,309,780","4,303,953","4,312,660","4,335,295","4,381,484","4,462,374","4,584,570","4,754,069","4,965,770","5,201,074","5,433,995","5,645,629","5,829,240","5,989,641","6,133,599","6,272,735","6,415,636","6,563,238","6,712,586","6,863,975","7,017,153","7,171,909","7,328,846"
170,Singapore,SGP,"3,230,698","3,313,471","3,419,048","3,524,506","3,670,704","3,796,038","3,927,213","3,958,723","4,027,887","4,138,012","4,175,950","4,114,826","4,166,664","4,265,762","4,401,365","4,588,599","4,839,396","4,987,573","5,076,732","5,183,688","5,312,437","5,399,162","5,469,724","5,535,002","5,607,283"
184,Sint Maarten,SXM,"30,458","30,765","30,950","31,164","31,434","31,731","31,240","31,084","30,519","30,600","30,777","31,472","32,488","33,011","33,441","33,811","33,964","34,238","34,056","33,435","34,640","36,607","37,685","38,825","39,969"
180,Slovak Republic,SVK,"5,305,016","5,325,305","5,346,331","5,361,999","5,373,361","5,383,291","5,390,516","5,396,020","5,388,720","5,378,867","5,376,912","5,373,374","5,372,280","5,372,807","5,373,054","5,374,622","5,379,233","5,386,406","5,391,428","5,398,384","5,407,579","5,413,393","5,418,649","5,423,801","5,430,798"
181,Slovenia,SVN,"1,996,498","1,991,746","1,989,443","1,989,872","1,988,628","1,985,956","1,981,629","1,983,045","1,988,925","1,992,060","1,994,530","1,995,733","1,997,012","2,000,474","2,006,868","2,018,122","2,021,316","2,039,669","2,048,583","2,052,843","2,057,159","2,059,953","2,061,980","2,063,531","2,065,042"
171,Solomon Islands,SLB,"330,004","339,501","349,273","359,276","369,517","379,998","390,702","401,592","412,665","423,949","435,434","447,016","458,549","469,918","481,086","492,133","503,366","515,182","527,861","541,522","556,066","571,329","587,079","603,133","619,438"
175,Somalia,SOM,"7,295,380","7,315,864","7,372,592","7,491,647","7,682,683","7,936,122","8,235,064","8,553,595","8,872,250","9,186,719","9,501,335","9,815,412","10,130,251","10,446,856","10,763,904","11,080,122","11,397,188","11,717,691","12,043,886","12,376,305","12,715,487","13,063,711","13,423,571","13,797,204","14,185,635"
214,South Africa,ZAF,"38,672,611","39,633,754","40,564,061","41,435,761","42,241,007","42,987,456","43,682,259","44,338,551","44,967,713","45,571,272","46,150,913","46,719,203","47,291,610","47,880,595","48,489,464","49,119,766","49,779,472","50,477,013","51,216,967","52,003,759","52,832,659","53,687,125","54,544,184","55,386,369","56,207,649"
106,South Korea,KOR,"43,747,962","44,194,628","44,641,540","45,092,991","45,524,681","45,953,580","46,286,503","46,616,677","47,008,111","47,370,164","47,644,736","47,892,330","48,082,519","48,184,561","48,438,292","48,683,638","49,054,708","49,307,835","49,554,112","49,936,638","50,199,853","50,428,893","50,746,659","51,014,947","51,217,803"
177,South Sudan,SSD,"5,305,449","5,185,712","5,111,371","5,118,084","5,221,925","5,411,653","5,661,934","5,933,884","6,199,396","6,447,791","6,688,225","6,935,665","7,213,354","7,535,931","7,907,407","8,315,144","8,736,932","9,142,258","9,508,372","9,830,695","10,113,648","10,355,030","10,554,882","10,715,657","10,832,520"
59,Spain,ESP,"39,157,685","39,361,262","39,549,108","39,724,050","39,889,852","40,057,389","40,223,509","40,386,875","40,567,864","40,850,412","41,431,558","42,187,645","42,921,895","43,653,155","44,397,319","45,226,803","45,954,106","46,362,946","46,576,897","46,742,697","46,773,055","46,620,045","46,480,882","46,444,832","46,484,062"
114,Sri Lanka,LKA,"17,736,827","17,924,827","18,094,474","18,242,917","18,367,290","18,470,897","18,564,595","18,663,293","18,777,606","18,911,727","19,062,476","19,224,036","19,387,153","19,544,988","19,695,977","19,842,044","19,983,984","20,123,508","20,261,738","20,398,496","20,425,000","20,585,000","20,778,000","20,970,000","21,203,000"
105,St. Kitts and Nevis,KNA,"40,691","41,141","41,618","42,077","42,472","42,857","43,225","43,622","44,083","44,602","45,168","45,749","46,323","46,852","47,333","47,769","48,178","48,599","49,011","49,442","49,881","50,328","50,776","51,204","51,629"
112,St. Lucia,LCA,"141,758","143,402","145,080","146,871","148,837","150,920","153,023","154,988","156,737","158,184","159,392","160,530","161,821","163,408","165,378","167,644","170,011","172,223","174,092","175,538","176,654","177,505","178,307","179,131","180,028"
120,St. Martin,MAF,"31,816","30,194","28,482","27,320","26,854","26,910","27,388","28,122","28,935","29,847","30,913","32,055","33,187","34,252","35,240","36,138","36,880","37,380","37,582","37,451","37,012","36,458","36,018","35,865","36,061"
205,St. Vincent and the Grenadines,VCT,"107,941","108,036","108,059","108,043","107,983","107,895","107,807","107,763","107,787","107,893","108,095","108,322","108,520","108,617","108,602","108,516","108,401","108,293","108,260","108,315","108,435","108,624","108,868","109,135","109,467"
168,Sudan,SDN,"21,696,240","22,527,837","23,338,465","24,094,741","24,782,384","25,413,912","26,015,518","26,626,512","27,275,019","27,971,077","28,704,786","29,460,517","30,214,189","30,949,514","31,661,824","32,360,619","33,060,844","33,783,779","34,545,014","35,349,676","36,193,781","37,072,555","37,977,657","38,902,948","39,847,433"
179,Suriname,SUR,"420,658","428,028","435,099","441,851","448,207","454,165","459,838","465,380","470,944","476,574","482,228","487,938","493,680","499,461","505,292","511,181","517,122","523,113","529,126","535,177","541,247","547,295","553,278","559,136","564,883"
182,Sweden,SWE,"8,668,067","8,718,561","8,780,745","8,826,939","8,840,998","8,846,062","8,850,974","8,857,874","8,872,109","8,895,960","8,924,958","8,958,229","8,993,531","9,029,572","9,080,505","9,148,092","9,219,637","9,298,515","9,378,126","9,449,213","9,519,374","9,600,379","9,696,110","9,799,186","9,923,085"
33,Switzerland,CHE,"6,875,364","6,938,265","6,993,795","7,040,687","7,071,850","7,088,906","7,110,001","7,143,991","7,184,250","7,229,854","7,284,753","7,339,001","7,389,625","7,437,115","7,483,934","7,551,117","7,647,675","7,743,831","7,824,909","7,912,398","7,996,861","8,089,346","8,188,649","8,282,396","8,373,338"
186,Syria,SYR,"13,187,669","13,565,074","13,950,486","14,345,491","14,754,148","15,175,308","15,599,588","16,013,992","16,410,847","16,766,555","17,084,628","17,415,214","17,827,827","18,361,178","19,059,257","19,878,257","20,664,037","21,205,873","21,362,541","21,081,814","20,438,861","19,578,466","18,710,711","17,997,411","17,465,567"
191,Tajikistan,TJK,"5,502,490","5,593,317","5,679,169","5,764,806","5,851,354","5,938,404","6,027,395","6,119,664","6,216,329","6,318,510","6,426,861","6,541,550","6,662,391","6,789,318","6,922,590","7,062,667","7,209,924","7,364,752","7,527,397","7,697,507","7,874,838","8,059,782","8,252,828","8,454,019","8,663,575"
199,Tanzania,TZA,"26,961,204","27,887,204","28,792,649","29,649,128","30,444,523","31,192,853","31,924,201","32,682,240","33,499,177","34,385,849","35,334,790","36,337,778","37,379,766","38,450,323","39,548,666","40,681,416","41,853,944","43,073,830","44,346,532","45,673,520","47,053,033","48,483,132","49,960,563","51,482,638","53,049,231"
190,Thailand,THA,"57,811,025","58,337,773","58,875,275","59,467,272","60,130,190","60,846,588","61,585,103","62,298,569","62,952,639","63,539,190","64,069,093","64,549,867","64,995,303","65,416,189","65,812,540","66,182,064","66,530,980","66,866,834","67,195,032","67,518,379","67,835,969","68,144,519","68,438,748","68,714,519","68,971,313"
193,Timor-Leste,TLS,"783,204","806,867","827,828","844,333","855,358","861,870","866,523","873,138","884,366","901,214","922,699","947,110","971,889","995,130","1,016,437","1,036,388","1,055,428","1,074,286","1,093,517","1,113,154","1,133,002","1,153,288","1,174,333","1,196,294","1,219,289"
189,Togo,TGO,"3,945,902","4,029,044","4,120,615","4,226,293","4,348,808","4,485,945","4,632,451","4,780,455","4,924,406","5,062,571","5,197,040","5,330,629","5,467,770","5,611,643","5,762,881","5,920,360","6,083,417","6,250,840","6,421,674","6,595,939","6,773,807","6,954,721","7,137,997","7,323,162","7,509,952"
194,Tonga,TON,"95,398","95,556","95,739","95,972","96,267","96,621","97,036","97,475","97,962","98,482","99,023","99,591","100,214","100,908","101,714","102,577","103,384","103,897","103,981","103,558","102,736","101,768","101,023","100,780","101,143"
195,Trinidad and Tobago,TTO,"1,236,685","1,243,605","1,249,527","1,254,200","1,257,547","1,259,838","1,261,699","1,263,927","1,267,159","1,271,627","1,277,210","1,283,564","1,290,115","1,296,497","1,302,552","1,308,450","1,314,449","1,320,921","1,328,144","1,336,180","1,344,814","1,353,708","1,362,337","1,370,332","1,377,563"
196,Tunisia,TUN,"8,613,855","8,795,934","8,967,916","9,125,400","9,267,335","9,395,119","9,509,862","9,613,587","9,708,347","9,793,915","9,871,261","9,945,282","10,022,278","10,106,778","10,201,211","10,304,729","10,414,425","10,525,691","10,635,245","10,741,872","10,846,993","10,952,949","11,063,195","11,179,951","11,303,942"
197,Turkey,TUR,"55,748,946","56,653,808","57,564,209","58,486,453","59,423,278","60,372,571","61,329,665","62,287,391","63,240,196","64,192,243","65,145,357","66,089,402","67,010,930","67,903,461","68,756,809","69,581,854","70,418,612","71,321,406","72,326,992","73,443,254","74,651,046","75,925,454","77,229,262","78,529,413","79,827,868"
192,Turkmenistan,TKM,"3,899,843","4,010,789","4,115,105","4,207,841","4,287,337","4,355,125","4,413,477","4,466,133","4,516,128","4,564,087","4,610,018","4,655,752","4,703,396","4,754,652","4,810,114","4,870,142","4,935,765","5,007,953","5,087,211","5,174,076","5,267,906","5,366,376","5,466,324","5,565,283","5,662,371"
187,Turks and Caicos Islands,TCA,"13,639","14,526","15,399","16,221","16,930","17,566","18,228","19,069","20,171","21,578","23,230","25,008","26,709","28,181","29,394","30,383","31,200","31,933","32,658","33,371","34,067","34,733","35,371","35,979","36,558"
198,Tuvalu,TUV,"9,110","9,194","9,259","9,298","9,317","9,328","9,332","9,344","9,392","9,478","9,593","9,724","9,871","9,997","10,118","10,219","10,315","10,413","10,521","10,626","10,744","10,849","10,973","11,099","11,232"
200,Uganda,UGA,"18,561,668","19,175,986","19,793,541","20,413,157","21,032,817","21,655,392","22,290,787","22,952,406","23,650,159","24,388,974","25,167,261","25,980,547","26,821,300","27,684,590","28,571,475","29,486,335","30,431,734","31,411,096","32,428,164","33,476,772","34,558,700","35,694,519","36,911,530","38,225,447","39,649,173"
201,Ukraine,UKR,"52,150,400","52,179,200","51,921,400","51,512,800","51,057,800","50,594,600","50,144,500","49,674,000","49,176,500","48,662,400","48,202,470","47,812,949","47,451,626","47,105,171","46,787,786","46,509,355","46,258,189","46,053,331","45,870,741","45,706,086","45,593,342","45,489,648","45,272,155","45,154,036","45,004,673"
5,United Arab Emirates,ARE,"2,052,892","2,173,135","2,294,377","2,415,099","2,539,121","2,671,361","2,813,214","2,966,029","3,134,067","3,302,722","3,478,769","3,711,931","4,068,577","4,588,222","5,300,172","6,168,846","7,089,486","7,917,368","8,549,998","8,946,778","9,141,598","9,197,908","9,214,182","9,262,896","9,360,975"
68,United Kingdom,GBR,"57,580,402","57,718,614","57,865,745","58,019,030","58,166,950","58,316,954","58,487,141","58,682,466","58,892,514","59,119,673","59,370,479","59,647,577","59,987,905","60,401,206","60,846,820","61,322,463","61,806,995","62,276,270","62,766,365","63,258,810","63,700,215","64,128,273","64,602,298","65,116,219","65,611,593"
203,United States,USA,"256,514,000","259,919,000","263,126,000","266,278,000","269,394,000","272,657,000","275,854,000","279,040,000","282,162,411","284,968,955","287,625,193","290,107,933","292,805,298","295,516,599","298,379,912","301,231,207","304,093,966","306,771,529","309,327,143","311,583,481","313,877,662","316,059,947","318,386,329","320,738,994","323,071,755"
202,Uruguay,URY,"3,154,459","3,177,734","3,201,149","3,224,275","3,247,383","3,270,158","3,291,053","3,308,005","3,319,734","3,325,471","3,326,046","3,323,661","3,321,486","3,321,799","3,325,403","3,331,753","3,340,221","3,349,676","3,359,273","3,368,926","3,378,975","3,389,436","3,400,439","3,412,013","3,424,139"
204,Uzbekistan,UZB,"21,449,000","21,942,000","22,377,000","22,785,000","23,225,000","23,667,000","24,051,000","24,311,650","24,650,400","24,964,450","25,271,850","25,567,650","25,864,350","26,167,000","26,488,250","26,868,000","27,302,800","27,767,400","28,562,400","29,339,400","29,774,500","30,243,200","30,757,700","31,298,900","31,847,900"
210,Vanuatu,VUT,"155,176","159,743","164,128","168,161","171,721","174,917","177,987","181,259","184,964","189,209","193,927","198,960","204,123","209,282","214,379","219,464","224,700","230,244","236,216","242,658","249,505","256,637","263,888","271,128","278,326"
206,"Venezuela, RB",VEN,"20,557,694","21,016,900","21,474,553","21,931,087","22,385,650","22,837,743","23,288,567","23,739,835","24,192,449","24,646,471","25,100,407","25,551,624","25,996,594","26,432,445","26,850,190","27,247,601","27,635,827","28,031,010","28,439,942","28,887,873","29,360,827","29,781,046","30,042,973","30,081,827","29,851,249"
209,Vietnam,VNM,"70,883,488","72,300,308","73,651,220","74,910,462","76,068,739","77,133,212","78,115,712","79,035,871","79,910,411","80,742,500","81,534,406","82,301,650","83,062,819","83,832,662","84,617,545","85,419,588","86,243,424","87,092,250","87,967,655","88,871,384","89,801,926","90,752,593","91,713,850","92,677,082","93,640,435"
208,Virgin Islands (U.S.),VIR,"105,712","106,578","107,318","107,818","108,095","108,357","108,537","108,599","108,642","108,549","108,509","108,505","108,466","108,453","108,369","108,337","108,397","108,404","108,357","108,290","108,188","108,041","107,882","107,712","107,516"
213,Yemen,YEM,"12,954,157","13,634,082","14,297,617","14,913,313","15,469,274","15,975,676","16,450,306","16,921,157","17,409,071","17,918,369","18,443,684","18,985,001","19,540,096","20,107,416","20,687,648","21,282,514","21,892,149","22,516,464","23,154,854","23,807,586","24,473,176","25,147,112","25,823,488","26,497,881","27,168,210"
215,Zambia,ZMB,"8,451,346","8,656,484","8,869,745","9,096,608","9,339,740","9,597,610","9,866,474","10,140,564","10,415,942","10,692,197","10,971,704","11,256,740","11,550,641","11,856,244","12,173,518","12,502,958","12,848,531","13,215,142","13,605,986","14,023,199","14,465,148","14,926,551","15,399,793","15,879,370","16,363,449"
216,Zimbabwe,ZWE,"10,900,511","11,092,775","11,261,752","11,410,721","11,541,215","11,653,254","11,747,079","11,822,722","11,881,482","11,923,906","11,954,293","11,982,219","12,019,911","12,076,697","12,155,496","12,255,920","12,379,553","12,526,964","12,697,728","12,894,323","13,115,149","13,350,378","13,586,710","13,814,642","14,030,338"
